school_code,school,is_district_office,school_and_district
2376,Mason,f,Mason - Tacoma
2543,Roy Elementary,f,Roy Elementary - Bethel
2871,Edison,f,Edison - Tacoma
2938,Sherman,f,Sherman - Tacoma
3646,Boze,f,Boze - Tacoma
5708,Ocosta ALE,f,Ocosta ALE - Ocosta
2336,Lyon,f,Lyon - Tacoma
2746,Geiger,f,Geiger - Tacoma
1000,District Office,t,District Office -  Spokane Public Schools
1001,District Office,t,District Office -  Edmonds School District 015
1002,District Office,t,District Office -  Seattle School District 001
1003,District Office,t,District Office -  Highline School District 401
1004,District Office,t,District Office -  Bellevue School District 405
1005,District Office,t,District Office -  Tacoma School District 010
1006,District Office,t,District Office -  Yakima School District 007
1007,District Office,t,District Office -  Everett School District 002
1008,District Office,t,District Office -  Federal Way School District 210
1009,District Office,t,District Office -  Renton School District 403
1010,District Office,t,District Office -  Shoreline School District 412
1011,District Office,t,District Office -  Lake Washington School District 414
1012,District Office,t,District Office -  Kent School District 415
1013,District Office,t,District Office -  Clover Park School District 400
1014,District Office,t,District Office -  Vancouver School District 037
1015,District Office,t,District Office -  Central Valley School District 356
1016,District Office,t,District Office -  Walla Walla School District 140
1017,District Office,t,District Office -  Kennewick School District 017
1018,District Office,t,District Office -  Richland School District 400
1019,District Office,t,District Office -  Pasco School District 001
1020,District Office,t,District Office -  Moses Lake School District 161
1021,District Office,t,District Office -  Wenatchee School District 246
1022,District Office,t,District Office -  Bellingham School District 501
1023,District Office,t,District Office -  Marysville School District 025
1024,District Office,t,District Office -  Mercer Island School District 400
1025,District Office,t,District Office -  Auburn School District 408
1026,District Office,t,District Office -  Issaquah School District 411
1027,District Office,t,District Office -  Northshore School District 417
1028,District Office,t,District Office -  Puyallup School District 003
1029,District Office,t,District Office -  Franklin Pierce School District 402
1030,District Office,t,District Office -  Evergreen School District 114
1031,District Office,t,District Office -  Longview School District 122
1032,District Office,t,District Office -  Kelso School District 458
1033,District Office,t,District Office -  Aberdeen School District 005
1034,District Office,t,District Office -  North Thurston Public Schools
1035,District Office,t,District Office -  Olympia School District 111
1036,District Office,t,District Office -  Port Angeles School District 121
1756,CLIP,f,CLIP - Riverview
1037,District Office,t,District Office -  Bremerton School District 100
1038,District Office,t,District Office -  South Kitsap School District 402
1039,District Office,t,District Office -  Mead School District 354
1040,District Office,t,District Office -  Cheney School District 360
1041,District Office,t,District Office -  West Valley School District 363
1042,District Office,t,District Office -  Pullman School District 267
1043,District Office,t,District Office -  Clarkston School District 250
1044,District Office,t,District Office -  Othello School District 147
1045,District Office,t,District Office -  Ellensburg School District 401
1046,District Office,t,District Office -  Sunnyside School District 201
1047,District Office,t,District Office -  Toppenish School District 202
1048,District Office,t,District Office -  Wapato School District 207
1049,District Office,t,District Office -  West Valley School District 208
1050,District Office,t,District Office -  Eastmont School District 206
1051,District Office,t,District Office -  Oak Harbor School District 201
1052,District Office -  Burlington,t,District Office -  Burlington-Edison School District 100
1053,District Office -  Sedro,t,District Office -  Sedro-Woolley School District 101
1054,District Office,t,District Office -  Anacortes School District 103
1055,District Office,t,District Office -  Mount Vernon School District 320
1056,District Office,t,District Office -  Mukilteo School District 006
1057,District Office,t,District Office -  Snohomish School District 201
1058,District Office,t,District Office -  Tukwila School District 406
1059,District Office,t,District Office -  University Place School District 083
1060,District Office -  Sumner,t,District Office -  Sumner-Bonney Lake School District 320
1061,District Office,t,District Office -  Peninsula School District 401
1062,District Office,t,District Office -  Bethel School District 403
1063,District Office,t,District Office -  Battle Ground School District 119
1064,District Office,t,District Office -  Hoquiam School District 028
1065,District Office,t,District Office -  Chehalis School District 302
1066,District Office,t,District Office -  Centralia School District 401
1067,District Office,t,District Office -  North Kitsap School District 400
1068,District Office,t,District Office -  Central Kitsap School District 401
1069,District Office,t,District Office -  Medical Lake School District 326
1070,District Office,t,District Office -  East Valley School District 361
1071,District Office,t,District Office -  Selah School District 119
1072,District Office,t,District Office -  Grandview School District 200
1073,District Office,t,District Office -  Ferndale School District 502
1074,District Office,t,District Office -  Lake Stevens School District 004
1075,District Office,t,District Office -  Arlington School District 016
1076,District Office,t,District Office -  Monroe School District 103
1077,District Office,t,District Office -  Enumclaw School District 216
1078,District Office,t,District Office -  Tahoma School District 409
1079,District Office,t,District Office -  Snoqualmie Valley School District 410
1080,District Office,t,District Office -  Bainbridge Island School District 303
1081,District Office,t,District Office -  Fife School District 417
1082,District Office,t,District Office -  Camas School District 117
1083,District Office,t,District Office -  Shelton School District 309
1084,District Office,t,District Office -  Tumwater School District 033
1085,District Office,t,District Office -  Deer Park School District 414
1086,District Office,t,District Office -  Colville School District 115
1087,District Office,t,District Office -  Prosser School District 116
1088,District Office,t,District Office -  North Franklin School District 051
1089,District Office,t,District Office -  Quincy School District 144
1090,District Office,t,District Office -  Ephrata School District 165
1091,District Office,t,District Office -  Naches Valley School District 003
1092,District Office,t,District Office -  East Valley School District 090
1093,District Office,t,District Office -  Granger School District 204
1094,District Office,t,District Office -  Cashmere School District 222
1095,District Office,t,District Office -  Omak School District 019
1096,District Office,t,District Office -  Oroville School District 410
1097,District Office,t,District Office -  Blaine School District 503
1098,District Office,t,District Office -  Lynden School District 504
1099,District Office,t,District Office -  Meridian School District 505
1100,District Office,t,District Office -  Nooksack Valley School District 506
1101,District Office,t,District Office -  Mount Baker School District 507
1102,District Office,t,District Office -  Sultan School District 311
1103,District Office -  Stanwood,t,District Office -  Stanwood-Camano School District 401
1104,District Office,t,District Office -  Vashon Island School District 402
1106,District Office,t,District Office -  Eatonville School District 404
1107,District Office,t,District Office -  White River School District 416
1108,District Office -  Washougal School District 112,t,District Office -  Washougal School District 112-6
1109,District Office,t,District Office -  Ridgefield School District 122
1110,District Office,t,District Office -  Castle Rock School District 401
1111,District Office,t,District Office -  Woodland School District 404
1112,District Office,t,District Office -  White Salmon School District 405
1113,District Office,t,District Office -  Montesano School District 066
1114,District Office,t,District Office -  Elma School District 068
1115,District Office,t,District Office -  Raymond School District 116
1116,District Office,t,District Office -  Yelm School District 002
1117,District Office,t,District Office -  Sequim School District 323
1118,District Office,t,District Office -  Quillayute School District 402
1119,District Office,t,District Office -  Port Townsend School District 050
1120,District Office -  Newport School District 056,t,District Office -  Newport School District 056-415
1121,District Office,t,District Office -  Riverside School District 416
1122,District Office,t,District Office -  Chewelah School District 036
1123,District Office,t,District Office -  Colfax School District 300
1124,District Office,t,District Office -  Dayton School District 002
1125,District Office,t,District Office -  Pomeroy School District 110
1126,District Office -  Kiona,t,District Office -  Kiona-Benton City School District 052
1127,District Office,t,District Office -  Royal School District 160
1128,District Office -  Cle Elum,t,District Office -  Cle Elum-Roslyn School District 404
1129,District Office,t,District Office -  Goldendale School District 404
1130,District Office,t,District Office -  Highland School District 203
1131,District Office,t,District Office -  Mount Adams School District 209
1132,District Office,t,District Office -  Cascade School District 228
1133,District Office,t,District Office -  Lake Chelan School District 129
1134,District Office,t,District Office -  Okanogan School District 105
1136,District Office,t,District Office -  Tonasket School District 404
1137,District Office,t,District Office -  South Whidbey School District 206
1138,District Office,t,District Office -  Riverview School District 407
1139,District Office,t,District Office -  Orting School District 344
1140,District Office,t,District Office -  Kalama School District 402
1141,District Office,t,District Office -  Ocean Beach School District 101
1142,District Office -  Stevenson,t,District Office -  Stevenson-Carson School District 303
1143,District Office,t,District Office -  Ocosta School District 172
1144,District Office,t,District Office -  Winlock School District 232
1145,District Office,t,District Office -  Toledo School District 237
1146,District Office,t,District Office -  White Pass School District 303
1147,District Office,t,District Office -  Rochester School District 401
1148,District Office,t,District Office -  Tenino School District 402
1149,District Office,t,District Office -  North Mason School District 403
1150,District Office,t,District Office -  Freeman School District 358
1151,District Office,t,District Office -  Liberty School District 362
1152,District Office,t,District Office -  Kettle Falls School District 212
1153,District Office,t,District Office -  Finley School District 053
1154,District Office,t,District Office -  Ritzville School District 160
1155,District Office,t,District Office -  Grand Coulee Dam School District 301
1156,District Office -  Warden Joint Consolidated School District 146,t,District Office -  Warden Joint Consolidated School District 146-161
1157,District Office,t,District Office -  Mabton School District 120
1158,District Office,t,District Office -  Zillah School District 205
1160,District Office,t,District Office -  Brewster School District 111
1161,District Office,t,District Office -  Coupeville School District 204
1162,District Office,t,District Office -  Concrete School District 011
1163,District Office,t,District Office -  Darrington School District 330
1164,District Office,t,District Office -  Granite Falls School District 332
1165,District Office,t,District Office -  La Center School District 101
1166,District Office -  Naselle,t,District Office -  Naselle-Grays River Valley School District
1167,District Office,t,District Office -  Wahkiakum School District 200
1168,District Office,t,District Office -  North Beach School District 064
1169,District Office,t,District Office -  Mossyrock School District 206
1170,District Office,t,District Office -  Morton School District 214
1171,District Office,t,District Office -  Onalaska School District 300
1172,District Office,t,District Office -  South Bend School District 118
1173,District Office,t,District Office -  Willapa Valley School District 160
1174,District Office,t,District Office -  Cape Flattery School District 401
1175,District Office,t,District Office -  Chimacum School District 049
1176,District Office,t,District Office -  Republic School District 309
1177,District Office,t,District Office -  Odessa School District 105
1178,District Office,t,District Office -  Wilbur School District 200
1179,District Office,t,District Office -  Davenport School District 207
1180,District Office -  Reardan,t,District Office -  Reardan-Edwall School District 009
1181,District Office,t,District Office -  Cusick School District 059
1182,District Office,t,District Office -  Selkirk School District 070
1183,District Office,t,District Office -  Mary Walker School District 207
1184,District Office,t,District Office -  Palouse School District 301
1185,District Office,t,District Office -  Saint John School District 322
1186,District Office,t,District Office -  Columbia School District 400
1187,District Office,t,District Office -  Waitsburg School District 401
1188,District Office,t,District Office -  Lind School District 158
1189,District Office,t,District Office -  Soap Lake School District 156
1190,District Office,t,District Office -  Kittitas School District 403
1191,District Office,t,District Office -  Manson School District 019
1192,District Office,t,District Office -  Entiat School District 127
1193,District Office,t,District Office -  Bridgeport School District 075
1194,District Office,t,District Office -  Waterville School District 209
1195,District Office,t,District Office -  Pateros School District 122
1196,District Office,t,District Office -  Methow Valley School District 350
1197,District Office,t,District Office -  San Juan Island School District 149
1198,District Office,t,District Office -  La Conner School District 311
1199,District Office,t,District Office -  Toutle Lake School District 130
1200,District Office,t,District Office -  Lyle School District 406
1201,District Office,t,District Office -  Lake Quinault School District 097
1202,District Office,t,District Office -  Oakville School District 400
1203,District Office,t,District Office -  Napavine School District 014
1204,District Office,t,District Office -  Pe Ell School District 301
1205,District Office,t,District Office -  Harrington School District 204
1206,District Office,t,District Office -  Columbia School District 206
1207,District Office,t,District Office -  Northport School District 211
1208,District Office,t,District Office -  LaCrosse School District 126
1209,District Office,t,District Office -  Tekoa School District 265
1210,District Office,t,District Office -  Garfield School District 302
1211,District Office,t,District Office -  Colton School District 306
1212,District Office,t,District Office -  Rosalia School District 320
1213,District Office,t,District Office -  Oakesdale School District 324
1214,District Office,t,District Office -  Asotin Anatone School District 420
1215,District Office,t,District Office -  Touchet School District 300
1216,District Office,t,District Office -  Prescott School District 402
1217,District Office,t,District Office -  Washtucna School District 109
1218,District Office,t,District Office -  Coulee Hartline School District 151
1221,District Office,t,District Office -  Klickitat School District 402
1222,District Office,t,District Office -  Adna School District 226
1223,District Office,t,District Office -  Rainier School District 307
1224,District Office,t,District Office -  Crescent School District 313
1907,Port Gardner,f,Port Gardner - Everett
1225,District Office,t,District Office -  Quilcene School District 048
1226,District Office,t,District Office -  Curlew School District 050
1227,District Office,t,District Office -  Inchelium School District 070
1228,District Office -  Sprague,t,District Office -  Sprague-Lamont School District 008
1229,District Office,t,District Office -  Almira School District 017
1230,District Office,t,District Office -  Creston School District 073
1231,District Office,t,District Office -  Wellpinit School District 049
1232,District Office,t,District Office -  Endicott School District 308
1234,District Office,t,District Office -  Kahlotus School District 056
1236,District Office,t,District Office -  Wilson Creek School District 167
1237,District Office,t,District Office -  Easton School District 028
1238,District Office,t,District Office -  Thorp School District 400
1239,District Office,t,District Office -  Bickleton School District 203
1240,District Office,t,District Office -  Mansfield School District 207
1241,District Office,t,District Office -  Lopez Island School District 144
1243,District Office,t,District Office -  Skykomish School District 404
1244,District Office,t,District Office -  Wishram School District 094
1245,District Office,t,District Office -  Trout Lake School District 400
1246,District Office,t,District Office -  Glenwood School District 401
1247,District Office,t,District Office -  Wishkah Valley School District 117
1248,District Office,t,District Office -  Boistfort School District 234
1249,District Office,t,District Office -  Mary M. Knight School District 311
1250,District Office,t,District Office -  North River School District 200
1252,District Office,t,District Office -  College Place School District 250
1253,District Office,t,District Office -  Union Gap School District 002
1254,District Office,t,District Office -  Steilacoom Historical School District 001
1255,District Office,t,District Office -  Hockinson School District 098
1256,District Office,t,District Office -  Hood Canal School District 404
1257,District Office,t,District Office -  Dieringer School District 343
1258,District Office,t,District Office -  Lakewood School District 306
1260,District Office,t,District Office -  Nine Mile Falls School District 325
1261,District Office,t,District Office -  Benge School District 122
1262,District Office,t,District Office -  Paterson School District 050
1263,District Office,t,District Office -  Stehekin School District 069
1264,District Office,t,District Office -  Green Mountain School District 103
1265,District Office,t,District Office -  Starbuck School District 035
1267,District Office,t,District Office -  Orondo School District 013
1268,District Office,t,District Office -  Palisades School District 102
1269,District Office,t,District Office -  Keller School District 003
1271,District Office,t,District Office -  Orient School District 065
1272,District Office,t,District Office -  Star School District 054
1273,District Office,t,District Office -  Wahluke School District 073
1274,District Office,t,District Office -  McCleary School District 065
1275,District Office,t,District Office -  Taholah School District 077
1276,District Office,t,District Office -  Cosmopolis School District 099
1277,District Office,t,District Office -  Satsop School District 104
1278,District Office -  Queets,t,District Office -  Queets-Clearwater School District 020
1279,District Office,t,District Office -  Brinnon School District 046
1280,District Office,t,District Office -  Damman School District 007
1281,District Office,t,District Office -  Centerville School District 215
1282,District Office,t,District Office -  Roosevelt School District 403
1284,District Office,t,District Office -  Evaline School District 036
1285,District Office,t,District Office -  Southside School District 042
1286,District Office,t,District Office -  Grapeview School District 054
1287,District Office,t,District Office -  Pioneer School District 402
1288,District Office,t,District Office -  Nespelem School District 014
1289,District Office,t,District Office -  Carbonado Historical School District 019
1290,District Office,t,District Office -  Shaw Island School District 010
1291,District Office,t,District Office -  Conway School District 317
1292,District Office,t,District Office -  Skamania School District 002
1293,District Office -  Mount Pleasant School District 029,t,District Office -  Mount Pleasant School District 029-93
1294,District Office,t,District Office -  Mill A School District 031
1295,District Office,t,District Office -  Index School District 063
1296,District Office,t,District Office -  Orchard Prairie School District 123
1297,District Office,t,District Office -  Great Northern School District 312
1298,District Office,t,District Office -  Onion Creek School District 030
1299,District Office,t,District Office -  Valley School District 070
1300,District Office,t,District Office -  Loon Lake School District 183
1301,District Office,t,District Office -  Summit Valley School District 202
1302,District Office,t,District Office -  Evergreen School District 205
1303,District Office,t,District Office -  Griffin School District 324
1304,District Office,t,District Office -  Dixie School District 101
1305,District Office,t,District Office -  Lamont School District 264
1306,District Office,t,District Office -  Steptoe School District 304
1312,District Office,t,District Office -  Chief Leschi Tribal
1325,District Office,t,District Office -  Rainier Valley Leadership Academy
1327,District Office,t,District Office -  Impact Public Schools (Puget Sound Elementary)
1329,District Office,t,District Office -  Lummi Tribal Agency
1330,District Office,t,District Office -  Muckleshoot Indian Tribe
1335,District Office,t,District Office -  Orcas Island School District 137
1336,District Office,t,District Office - Innovation Spokane (PRIDE) Charter
1338,District Office,t,District Office -  Quileute Tribal School
1339,District Office,t,District Office -  Rainier Prep Charter School District
1344,District Office,t,District Office -  Spokane International Academy
1345,District Office,t,District Office -  Summit Public School: Atlas
1346,District Office,t,District Office -  Summit Public School: Olympus
1347,District Office,t,District Office -  Summit Public School: Sierra
1348,District Office,t,District Office -  Suquamish Tribal Education Department
1350,District Office,t,District Office -  WA HE LUT Indian School Agency
1356,District Office,t,District Office -  Yakama Nation Tribal Compact
1357,District Office,t,District Office -  Catalyst Charter
1358,District Office,t,District Office -  Why Not You Academy
1359,District Office,t,District Office -  Impact—Salish Sea Elementary
1360,District Office,t,District Office -  Lumens High School
1361,District Office,t,District Office -  Whatcom Intergenerational
1362,District Office,t,District Office -  Pinnacle Prep Charter
1363,District Office -  Impact-,t,District Office -  Impact--Commencement Bay Elementary
1364,District Office,t,District Office - Pullman Community Montessori
1365,District Office,t,District Office - Rooted School Washington
1366,District Office,t,District Office - Paschal Sherman Tribal
1367,District Office,t,District Office - Impact | Black River Elementary
1500,Forks Alternative School,t,Forks Alternative School - Quillayute Valley
1502,Two Rivers School,f,Two Rivers School - Snoqualmie Valley
1506,Quincy High Tech High,f,Quincy High Tech High - Quincy
1508,Computer Academy Toppenish High School,f,Computer Academy Toppenish High School - Toppenish
1510,Challenger High School,f,Challenger High School - Bethel
1514,Alternative Spcl Needs Div Occ,f,Alternative Spcl Needs Div Occ - Tacoma
1516,Henderson Bay Alt High School,f,Henderson Bay Alt High School - Peninsula
1518,RISE Academy,f,RISE Academy - Soap Lake
1519,Edmonds eLearning Academy,f,Edmonds eLearning Academy - Edmonds
1520,Challenge Elementary,f,Challenge Elementary - Edmonds
1523,Special Ed School,f,Special Ed School - Enumclaw
1528,Excelsior High School,f,Excelsior High School - Washougal
1530,Early Childhood Center,f,Early Childhood Center - Evergreen (Clark)
1533,A-3 Multiagency Adolescent Prog,f,A-3 Multiagency Adolescent Prog - Spokane
1534,Griffin Home,f,Griffin Home - Renton
1537,State Street High School,f,State Street High School - Sedro Woolley
1539,CHOICE Academy,f,CHOICE Academy - Highline
1547,Middle College High School,f,Middle College High School - Seattle
1554,Riverside Achievement Center,f,Riverside Achievement Center - Riverside
1558,Unassigned School,f,Unassigned School - Edmonds
1559,Lewis County Juvenile Detention,f,Lewis County Juvenile Detention - Chehalis
1560,Thompson Preschool,f,Thompson Preschool - Bethel
1566,Alternative Northeast Community Center Preschool,f,Alternative Northeast Community Center Preschool - Spokane
1567,Pratt Academy,f,Pratt Academy - Spokane
1570,Monroe Special Ed Preschool,f,Monroe Special Ed Preschool - Monroe
1574,Fir Grove Childrens Center,f,Fir Grove Childrens Center - Vancouver
1579,Tops K-8 School,f,Tops K-8 School - Seattle
1585,Comm Based Trans Program,f,Comm Based Trans Program - Tacoma
1594,Panorama School,f,Panorama School - Colville
1596,Seattle World School,f,Seattle World School - Seattle
1597,Homelink Schools,f,Homelink Schools - Battle Ground
1603,Daybreak Alternative School,f,Daybreak Alternative School - Spokane
1604,Alternative Tamarack School,f,Alternative Tamarack School - Spokane
1605,Twin Cedars High School,f,Twin Cedars High School - Concrete
1612,Skill Source,f,Skill Source - Wenatchee
1613,Westside High School,f,Westside High School - Wenatchee
1617,Educational Opportunity Center,f,Educational Opportunity Center - Clarkston
1620,Pathfinder K-8 School,f,Pathfinder K-8 School - Seattle
1621,ILC Choice School,f,ILC Choice School - Methow Valley
1624,Issaquah Special Services,f,Issaquah Special Services - Issaquah
1627,Yelm Extension School,f,Yelm Extension School - Yelm
1628,Dishman Hills High School,f,Dishman Hills High School - West Valley (Spok
1629,East Grays Harbor High School,f,East Grays Harbor High School - Elma
1635,Interagency Programs,f,Interagency Programs - Seattle
1640,Puyallup Online Academy/POA,f,Puyallup Online Academy/POA - Puyallup
1643,Out Of District Special Ed,f,Out Of District Special Ed - Monroe
1645,Compass High School,f,Compass High School - Grandview
1646,49th Street Academy,f,49th Street Academy - Evergreen (Clark)
1647,Options High School,f,Options High School - Bellingham
1648,Out Of District Facility,f,Out Of District Facility - Renton
1649,Contractual Schools,f,Contractual Schools - Lake Washington
1650,BECC,f,BECC - Burlington Edison
1656,10th Street School,f,10th Street School - Marysville
1657,Heritage School,f,Heritage School - Marysville
1658,Discovery School,f,Discovery School - Lake Washington
1663,NW Learning Center,f,NW Learning Center - Everett
1667,Handicapped Contractual Services,f,Handicapped Contractual Services - Shoreline
1668,Transition Program,f,Transition Program - Bellevue
1670,Student Services School,f,Student Services School - Sultan
1671,District Run Home School,f,District Run Home School - Quillayute Valley
1672,Developmental Preschool,f,Developmental Preschool - Raymond
1675,Lake Chelan Preschool,f,Lake Chelan Preschool - Lake Chelan
1677,Special Programs,f,Special Programs - North Kitsap
1680,James A. Taylor High School,f,James A. Taylor High School - North Mason
1682,South Whidbey Academy,f,South Whidbey Academy - South Whidbey
1683,South Whidbey Special Services,f,South Whidbey Special Services - South Whidbey
1685,Maplewood Parent Coop,f,Maplewood Parent Coop - Edmonds
1687,Explorer Community School,f,Explorer Community School - Lake Washington
1688,Emerson K-12,f,Emerson K-12 - Lake Washington
1689,Vancouver School of Arts and Academics,f,Vancouver School of Arts and Academics - Vancouver
1694,Home Port Learning Center,f,Home Port Learning Center - Bellingham
1698,SCCP Images,f,SCCP Images - Spokane
1699,Odyssey Multiage Program,f,Odyssey Multiage Program - Bainbridge
1706,International Community School,f,International Community School - Lake Washington
1707,Lincoln Hill High School,f,Lincoln Hill High School - Stanwood
1708,Olympic Peninsula Academy,f,Olympic Peninsula Academy - Sequim
1709,Chewelah Alternative,f,Chewelah Alternative - Chewelah
1712,Continuous Curriculum School,f,Continuous Curriculum School - East Valley (Spok
1713,Cascadia High School,f,Cascadia High School - Tumwater
1714,Stillaguamish Valley Learning Center,f,Stillaguamish Valley Learning Center - Arlington
1715,Parents As Partners,f,Parents As Partners - Port Angeles
1718,Explorer Academy,f,Explorer Academy - South Kitsap
1724,PI Program,f,PI Program - Chimacum
1728,Prosser Falls Education Center,f,Prosser Falls Education Center - Prosser
1730,Snohomish Center,f,Snohomish Center - Snohomish
1733,Parent Assisted Learning,f,Parent Assisted Learning - North Kitsap
1735,H.e.a.r.t. High School,f,H.e.a.r.t. High School - Rochester
1737,Renaissance Alternative High School,f,Renaissance Alternative High School - Bremerton
1738,Gate Program,f,Gate Program - Vancouver
1740,Off Campus,f,Off Campus - Central Kitsap
1742,Valley Academy Of Learning,f,Valley Academy Of Learning - Wenatchee
1743,Meridian Special Programs,f,Meridian Special Programs - Meridian
1744,School Home Partnership Program,f,School Home Partnership Program - Marysville
1749,Bremerton Home Link Program,f,Bremerton Home Link Program - Bremerton
1751,Cascade Parent Partnership Program,f,Cascade Parent Partnership Program - Seattle
1753,Homelink,f,Homelink - Lake Stevens
1754,Palouse Junction High School,f,Palouse Junction High School - North Franklin
1755,West Valley City School,f,West Valley City School - West Valley (Spok
1757,Snohomish Online Learning,f,Snohomish Online Learning - Snohomish
1758,Homeconnection,f,Homeconnection - Oak Harbor
1759,Internet Academy,f,Internet Academy - Federal Way
1762,Skagit River School House,f,Skagit River School House - Concrete
1763,Quartzite Learning,f,Quartzite Learning - Chewelah
1765,Preschool - Stevenson,f,Preschool - Stevenson-Carson
1767,The Healing Lodge,f,The Healing Lodge - Spokane
1768,Avanti High School,f,Avanti High School - Olympia
1769,Three Springs High School,f,Three Springs High School - Cheney
1771,Home Education Exchange,f,Home Education Exchange - Shoreline
1772,HomeLink,f,HomeLink - Walla Walla
1776,Contract Learning Center,f,Contract Learning Center - Grandview
1777,Sky Valley Education Center,f,Sky Valley Education Center - Monroe
1781,Sumner Special Services,f,Sumner Special Services - Sumner
1784,H.O.M.E. Program,f,H.O.M.E. Program - Renton
1787,Cape Flattery Preschool,f,Cape Flattery Preschool - Cape Flattery
1789,Federal Way Public Academy,f,Federal Way Public Academy - Federal Way
1790,University Place Special Educ,f,University Place Special Educ - University Place
1795,TEAM High School,f,TEAM High School - Woodland
1796,Salmon Bay K-8 School,f,Salmon Bay K-8 School - Seattle
1797,Day Reporting School,f,Day Reporting School - Tacoma
1798,OCEAN,f,OCEAN - Port Townsend
1799,Visions (Seamar Youth Center),f,Visions (Seamar Youth Center) - Bellingham
1800,Environmental & Adventure School,f,Environmental & Adventure School - Lake Washington
1801,iQ Academy Washington,f,iQ Academy Washington - Evergreen (Clark)
1802,Chelan County Juvenile Detention Center,f,Chelan County Juvenile Detention Center - Wenatchee
1803,Mead Alternative High School,f,Mead Alternative High School - Mead
1804,Futures School,f,Futures School - Lake Washington
1806,Leaders In Learning,f,Leaders In Learning - Monroe
1807,Regional Justice Center,f,Regional Justice Center - Kent
1810,Sno Co Jail,f,Sno Co Jail - Everett
1811,Pass Program,f,Pass Program - ESD 189
1814,Northshore Networks,f,Northshore Networks - Northshore
1815,Northshore Special Services,f,Northshore Special Services - Northshore
1819,Parent Partner Program,f,Parent Partner Program - Mary Walker
1820,Mary Walker Alternative High Schl,f,Mary Walker Alternative High Schl - Mary Walker
1822,Family Link,f,Family Link - Vashon Island
1823,Nooksack Valley Special Services,f,Nooksack Valley Special Services - Nooksack Valley
1825,Alfaretta House,f,Alfaretta House - Clover Park
1829,Winolequa Learning Academy,f,Winolequa Learning Academy - Winlock
1830,Contracted Schools,f,Contracted Schools - Edmonds
1831,Toppenish Pre School,f,Toppenish Pre School - Toppenish
1833,Davenport Alternative Learning Ct,f,Davenport Alternative Learning Ct - Davenport
1835,Sentinel Tech Alt School,f,Sentinel Tech Alt School - Wahluke
1836,CAM Academy,f,CAM Academy - Battle Ground
1838,Spokane Valley High School,f,Spokane Valley High School - West Valley (Spok
1841,Mosaic Home Education Partnership,f,Mosaic Home Education Partnership - Bainbridge
1842,Spokane Valley Transition School,f,Spokane Valley Transition School - West Valley (Spok
1845,Home School Experience,f,Home School Experience - Methow Valley
1848,Special Services,f,Special Services - Mukilteo
1851,Wellpinit Alliance High School,f,Wellpinit Alliance High School - Wellpinit
1852,Deer Park Home Link Program,f,Deer Park Home Link Program - Deer Park
1854,PARADE,f,PARADE - Riverview
1856,The Center School,f,The Center School - Seattle
1857,Springdale Academy,f,Springdale Academy - Mary Walker
1858,Mead Education Partnership Prog,f,Mead Education Partnership Prog - Mead
1860,Tacoma School of the Arts,f,Tacoma School of the Arts - Tacoma
1861,North Mason Homelink Program,f,North Mason Homelink Program - North Mason
1862,Marysville Coop Program,f,Marysville Coop Program - Marysville
1875,Homelink River,f,Homelink River - Battle Ground
1880,Re-Entry High School,f,Re-Entry High School - Clover Park
1881,Re-Entry Middle School,f,Re-Entry Middle School - Clover Park
1882,Special Education Services/relife,f,Special Education Services/relife - Clover Park
1884,Legacy High School,f,Legacy High School - Kennewick
1888,Mason County Detention Center,f,Mason County Detention Center - Shelton
1889,Connell Preschool,f,Connell Preschool - North Franklin
1892,OASIS K-12,f,OASIS K-12 - Orcas
1895,ECEAP,f,ECEAP - Marysville
1897,Special Education,f,Special Education - Port Angeles
1898,Republic Parent Partner,f,Republic Parent Partner - Republic
1899,Washougal Special Services,f,Washougal Special Services - Washougal
1900,Bridgeport Aurora High School,f,Bridgeport Aurora High School - Bridgeport
1902,Raymond Home Link School,f,Raymond Home Link School - Raymond
1904,Parent Partnership,f,Parent Partnership - Snohomish
1905,Cooperatives,f,Cooperatives - Anacortes
1910,Marysville SD Special,f,Marysville SD Special - Marysville
1911,Wellpinit - Fort Semco High School,f,Wellpinit - Fort Semco High School - Wellpinit
1914,Lynden Special Services,f,Lynden Special Services - Lynden
1915,Special Ed School,f,Special Ed School - Auburn
1919,Independent Scholar,f,Independent Scholar - Riverside
1921,Curlew Parent Partner,f,Curlew Parent Partner - Curlew
1922,Loon Lake Homelink Program,f,Loon Lake Homelink Program - Loon Lake
1924,Ellensburg Developmental Preschool,f,Ellensburg Developmental Preschool - Ellensburg
1925,Trojan Alternative School,f,Trojan Alternative School - Pe Ell
1926,Home Choice Academy,f,Home Choice Academy - Evergreen (Clark)
1927,Legacy High School,f,Legacy High School - Marysville
1928,Burlington-Edison Alternative School,f,Burlington-Edison Alternative School - Burlington Edison
1932,Columbia Virtual Academy,f,Columbia Virtual Academy - Valley
1934,Loowit High School,f,Loowit High School - Kelso
1935,Eagle Harbor High School,f,Eagle Harbor High School - Bainbridge
1936,Educational Resource Center,f,Educational Resource Center - Mount Baker
1937,Children First,f,Children First - East Valley (Spok
1938,Student Link,f,Student Link - Vashon Island
1939,Bainbridge Special Education Services,f,Bainbridge Special Education Services - Bainbridge
1940,Chelan School of Innovation,f,Chelan School of Innovation - Lake Chelan
1941,Mid-Columbia Parent Partnership,f,Mid-Columbia Parent Partnership - Kennewick
1942,Cascade K-8 Community School,f,Cascade K-8 Community School - Shoreline
1943,Pioneer Valley Preschool,f,Pioneer Valley Preschool - Bethel
1945,Elk Plain Head Start,f,Elk Plain Head Start - Bethel
1950,Employment Transition Program,f,Employment Transition Program - Federal Way
1951,Support School,f,Support School - Federal Way
1960,ECEAP,f,ECEAP - Mukilteo
1961,Palouse at Garfield Middle School,f,Palouse at Garfield Middle School - Palouse
1962,Garfield at Palouse High School,f,Garfield at Palouse High School - Garfield
1963,Griffin Bay School,f,Griffin Bay School - San Juan
1964,Spokane Valley Learning Academy,f,Spokane Valley Learning Academy - Central Valley
1966,Edmonds Heights K-12,f,Edmonds Heights K-12 - Edmonds
1970,Pasco Early Childhood,f,Pasco Early Childhood - Pasco
1971,Sage Hills High School,f,Sage Hills High School - Ephrata
1972,New Start,f,New Start - Highline
1973,Satellite High School,f,Satellite High School - Highline
1975,Stella Schola,f,Stella Schola - Lake Washington
2623,Manson High School,f,Manson High School - Manson
1980,Okanogan Alternative High School,f,Okanogan Alternative High School - Okanogan
1981,Developmental Pre-School,f,Developmental Pre-School - Wahluke
1982,Birth to 3 Years,f,Birth to 3 Years - Wahluke
1983,Lynden Academy,f,Lynden Academy - Lynden
1986,Muckleshoot Tribal School,f,Muckleshoot Tribal School - Muckleshoot Tribal
1987,Swiftwater Learning Center - Cle Elum,f,Swiftwater Learning Center - Cle Elum-Roslyn
1992,Skagit Academy,f,Skagit Academy - Mt Vernon
1998,Head Start,f,Head Start - Highline
2000,Keewaydin Discovery Center,f,Keewaydin Discovery Center - Kennewick
2001,Special Programs,f,Special Programs - Richland
2006,Curlew Elem & High School,f,Curlew Elem & High School - Curlew
2007,Star Elem School,f,Star Elem School - Star
2010,Satsop Elementary,f,Satsop Elementary - Satsop
2026,Poulsbo Elementary School,f,Poulsbo Elementary School - North Kitsap
2027,Green Hill Academic School,f,Green Hill Academic School - Chehalis
2031,Omak High School,f,Omak High School - Omak
2036,Larchmont,f,Larchmont - Tacoma
2039,Remann Hall Juvenile Detention Center,f,Remann Hall Juvenile Detention Center - Tacoma
2040,Anderson Island Elementary,f,Anderson Island Elementary - Steilacoom Hist.
2041,Firwood,f,Firwood - Clover Park
2045,Shrine Hospital,f,Shrine Hospital - Spokane
2049,Onion Creek Elementary,f,Onion Creek Elementary - Onion Creek
2052,Tekoa Elementary School,f,Tekoa Elementary School - Tekoa
2056,Holmes Elementary,f,Holmes Elementary - Spokane
2061,Green Lake Elementary School,f,Green Lake Elementary School - Seattle
2062,Northport Elementary School,f,Northport Elementary School - Northport
2063,John Hay Elementary School,f,John Hay Elementary School - Seattle
2065,Garfield Elementary School,f,Garfield Elementary School - Everett
2066,Fairhaven Middle School,f,Fairhaven Middle School - Bellingham
2067,Roosevelt Elementary School,f,Roosevelt Elementary School - Bellingham
2069,Madrona K-5 School,f,Madrona K-5 School - Seattle
2070,Beacon Hill International School,f,Beacon Hill International School - Seattle
2073,Machias Elementary,f,Machias Elementary - Snohomish
2074,Berney Elementary School,f,Berney Elementary School - Walla Walla
2075,Whatcom Middle School,f,Whatcom Middle School - Bellingham
2077,Damman Elementary,f,Damman Elementary - Damman
2078,Green Park Elementary School,f,Green Park Elementary School - Walla Walla
2080,Stevens Elementary School,f,Stevens Elementary School - Seattle
2081,John Stanford International School,f,John Stanford International School - Seattle
2083,Washington Elementary,f,Washington Elementary - Tacoma
2084,Stadium,f,Stadium - Tacoma
2086,Roosevelt Elementary,f,Roosevelt Elementary - Spokane
2087,Lacrosse Elementary School,f,Lacrosse Elementary School - Lacrosse Joint
2088,Lacrosse High School,f,Lacrosse High School - Lacrosse Joint
2089,Martin Luther King Jr. Elementary School,f,Martin Luther King Jr. Elementary School - Seattle
2090,Frantz Coe Elementary School,f,Frantz Coe Elementary School - Seattle
2092,Whittier Elementary School,f,Whittier Elementary School - Seattle
2094,Blix Elementary,f,Blix Elementary - Tacoma
2096,Regal Elementary,f,Regal Elementary - Spokane
2097,Great Northern Elementary,f,Great Northern Elementary - Great Northern
2103,Jefferson,f,Jefferson - Tacoma
2105,Sultan Middle School,f,Sultan Middle School - Sultan
2106,North Central High School,f,North Central High School - Spokane
2108,Stevens Elementary,f,Stevens Elementary - Spokane
2109,Willard Elementary,f,Willard Elementary - Spokane
2110,Sheridan Elementary,f,Sheridan Elementary - Spokane
2111,Jefferson Elementary,f,Jefferson Elementary - Spokane
2113,Opportunity Elementary,f,Opportunity Elementary - Central Valley
2114,Davis Elementary,f,Davis Elementary - College Place
2115,Steptoe Elementary School,f,Steptoe Elementary School - Steptoe
2116,Davis High School,f,Davis High School - Yakima
2118,Emerson Elementary School,f,Emerson Elementary School - Seattle
2120,Rising Star Elementary School,f,Rising Star Elementary School - Seattle
2121,Leschi Elementary School,f,Leschi Elementary School - Seattle
2123,Greenwood Elementary School,f,Greenwood Elementary School - Seattle
2124,Snoqualmie Middle School,f,Snoqualmie Middle School - Snoqualmie Valley
2125,Puyallup High School,f,Puyallup High School - Puyallup
2126,Everett High School,f,Everett High School - Everett
2127,Franklin Elementary,f,Franklin Elementary - Spokane
2128,Audubon Elementary,f,Audubon Elementary - Spokane
2129,Cooper Elementary,f,Cooper Elementary - Spokane
2131,Wapato Middle School,f,Wapato Middle School - Wapato
2132,Ritzville High School,f,Ritzville High School - Ritzville
2133,Paterson Elementary School,f,Paterson Elementary School - Paterson
2134,Wenatchee High School,f,Wenatchee High School - Wenatchee
2135,Starbuck School,f,Starbuck School - Starbuck
2136,Orient Elementary School,f,Orient Elementary School - Orient
2137,Elma High School,f,Elma High School - Elma
2138,Adams Elementary School,f,Adams Elementary School - Seattle
2139,Gatewood Elementary School,f,Gatewood Elementary School - Seattle
2141,Thurgood Marshall Elementary,f,Thurgood Marshall Elementary - Seattle
2142,West Woodland Elementary School,f,West Woodland Elementary School - Seattle
2143,John Muir Elementary School,f,John Muir Elementary School - Seattle
2144,Mount View Elementary,f,Mount View Elementary - Highline
2145,Grapeview Elementary & Middle School,f,Grapeview Elementary & Middle School - Grapeview
2146,Liberty Bell Jr Sr High,f,Liberty Bell Jr Sr High - Methow Valley
2148,Franklin,f,Franklin - Tacoma
2150,Sedro Woolley Senior High School,f,Sedro Woolley Senior High School - Sedro Woolley
2155,Bemiss Elementary,f,Bemiss Elementary - Spokane
2156,Adams Elementary,f,Adams Elementary - Spokane
2157,Greenacres Elementary,f,Greenacres Elementary - Central Valley
2158,Rainier Middle School,f,Rainier Middle School - Rainier
2159,Prospect Point Elementary,f,Prospect Point Elementary - Walla Walla
2160,Touchet Elem & High School,f,Touchet Elem & High School - Touchet
2161,Waterville Elementary,f,Waterville Elementary - Waterville
2162,Waterville High School,f,Waterville High School - Waterville
2166,Centralia High School,f,Centralia High School - Centralia
2167,Fern Hill,f,Fern Hill - Tacoma
2168,Sheridan,f,Sheridan - Tacoma
2169,Point Defiance,f,Point Defiance - Tacoma
2172,Lewis & Clark High School,f,Lewis & Clark High School - Spokane
2173,Arcadia Elementary,f,Arcadia Elementary - Deer Park
2174,Preston Hall Middle School,f,Preston Hall Middle School - Waitsburg
2175,Silver Beach Elementary School,f,Silver Beach Elementary School - Bellingham
2176,Garfield Elementary School,f,Garfield Elementary School - Yakima
2177,Mckinley Elementary School,f,Mckinley Elementary School - Yakima
2179,Fort Vancouver High School,f,Fort Vancouver High School - Vancouver
2180,Montesano Jr-Sr High,f,Montesano Jr-Sr High - Montesano
2181,Alki Elementary School,f,Alki Elementary School - Seattle
2182,Franklin High School,f,Franklin High School - Seattle
2183,Lawton Elementary School,f,Lawton Elementary School - Seattle
2185,Lake Forest Park Elementary,f,Lake Forest Park Elementary - Shoreline
2186,Sprague High School,f,Sprague High School - Sprague
2189,Park Lodge Elementary School,f,Park Lodge Elementary School - Clover Park
2190,Elk Ridge Elementary,f,Elk Ridge Elementary - White River
2191,Whitman Elementary,f,Whitman Elementary - Spokane
2195,Keene-Riverview Elementary,f,Keene-Riverview Elementary - Prosser
2196,Manson Elementary,f,Manson Elementary - Manson
2198,Robert L Olds Junior High School,f,Robert L Olds Junior High School - North Franklin
2199,Concord International School,f,Concord International School - Seattle
2201,McGilvra Elementary School,f,McGilvra Elementary School - Seattle
2205,Eatonville Elementary School,f,Eatonville Elementary School - Eatonville
2206,Eatonville High School,f,Eatonville High School - Eatonville
2207,Endicott/St John Elem and Middle,f,Endicott/St John Elem and Middle - Endicott
2209,Broadview-Thomson K-8 School,f,Broadview-Thomson K-8 School - Seattle
2214,South Bend High School,f,South Bend High School - South Bend
2215,Lincoln,f,Lincoln - Tacoma
2218,Browne Elementary,f,Browne Elementary - Spokane
2219,Lynden Middle School,f,Lynden Middle School - Lynden
2220,Ballard High School,f,Ballard High School - Seattle
2222,Fall City Elementary,f,Fall City Elementary - Snoqualmie Valley
2223,University Place Primary,f,University Place Primary - University Place
2225,Lowell Elementary School,f,Lowell Elementary School  - Bellingham
2227,Adna Elementary School,f,Adna Elementary School - Adna
2229,Sultan Elementary School,f,Sultan Elementary School - Sultan
2233,Mansfield Elem and High School,f,Mansfield Elem and High School - Mansfield
2234,West Seattle High School,f,West Seattle High School - Seattle
2237,Pioneer Middle,f,Pioneer Middle - Steilacoom Hist.
2240,Zillah High School,f,Zillah High School - Zillah
2241,Pomeroy Jr Sr High School,f,Pomeroy Jr Sr High School - Pomeroy
2244,Edison Elementary,f,Edison Elementary - Centralia
2245,Okanogan Middle School,f,Okanogan Middle School - Okanogan
2246,Okanogan High School,f,Okanogan High School - Okanogan
2247,Northeast Tacoma,f,Northeast Tacoma - Tacoma
2251,Centerville Elementary,f,Centerville Elementary - Centerville
2252,Manitou Park,f,Manitou Park - Tacoma
2256,Olympic View Elementary School,f,Olympic View Elementary School - Seattle
2257,Collins Elementary,f,Collins Elementary - Franklin Pierce
2258,Hutton Elementary,f,Hutton Elementary - Spokane
2260,McKenna Elementary,f,McKenna Elementary - Yelm
2262,Geneva Elementary School,f,Geneva Elementary School - Bellingham
2263,Beach Elem,f,Beach Elem - Ferndale
2264,Toppenish Middle School,f,Toppenish Middle School - Toppenish
2265,Stehekin Elementary,f,Stehekin Elementary - Stehekin
2266,Kelso High School,f,Kelso High School - Kelso
2267,Mcloughlin Middle School,f,Mcloughlin Middle School - Pasco
2268,Emerson Elementary,f,Emerson Elementary - Hoquiam
2269,Highland Park Elementary School,f,Highland Park Elementary School - Seattle
2270,Puget Sound Skills Center,f,Puget Sound Skills Center - Highline
2272,South Kitsap High School,f,South Kitsap High School - South Kitsap
2273,Napavine Jr Sr High School,f,Napavine Jr Sr High School - Napavine
2274,Cascade Elementary School,f,Cascade Elementary School - Chehalis
2275,Roosevelt,f,Roosevelt - Tacoma
2276,La Conner High School,f,La Conner High School - La Conner
2277,Arlington Special Educ School,f,Arlington Special Educ School - Arlington
2278,Dixie Elementary School,f,Dixie Elementary School - Dixie
2279,Lewis And Clark Elementary Sch,f,Lewis And Clark Elementary Sch - Wenatchee
2281,Castle Rock High School,f,Castle Rock High School - Castle Rock
2283,Oakville High School,f,Oakville High School - Oakville
2285,Roosevelt High School,f,Roosevelt High School - Seattle
2287,North Bend Elementary School,f,North Bend Elementary School - Snoqualmie Valley
2288,Snoqualmie Elementary,f,Snoqualmie Elementary - Snoqualmie Valley
2289,Redmond Elementary,f,Redmond Elementary - Lake Washington
2290,Winlock Miller Elementary,f,Winlock Miller Elementary - Winlock
2291,Oakview Elementary School,f,Oakview Elementary School - Centralia
2292,North River School,f,North River School - North River
2294,Goodman Middle School,f,Goodman Middle School - Peninsula
2295,Mount Vernon High School,f,Mount Vernon High School - Mt Vernon
2296,Wilson Elementary,f,Wilson Elementary - Spokane
2297,Springdale Elementary,f,Springdale Elementary - Mary Walker
2299,Charles Francis Adams High School,f,Charles Francis Adams High School - Clarkston
2301,Columbia Elementary School,f,Columbia Elementary School - Wenatchee
2302,Dayton High School,f,Dayton High School - Dayton
2304,Coulee City MS,f,Coulee City MS - Coulee/Hartline
2305,Miller Junior High,f,Miller Junior High - Aberdeen
2306,Garfield High School,f,Garfield High School - Seattle
2307,Bailey Gatzert Elementary School,f,Bailey Gatzert Elementary School - Seattle
2308,Kirkland Middle School,f,Kirkland Middle School - Lake Washington
2310,Hood Canal Elementary School,f,Hood Canal Elementary School - Hood Canal
2311,Stewart Elementary,f,Stewart Elementary - Puyallup
2312,Finch Elementary,f,Finch Elementary - Spokane
2314,Washington Middle School,f,Washington Middle School - Yakima
2315,CASHMERE MIDDLE SCHOOL,f,CASHMERE MIDDLE SCHOOL - Cashmere
2317,Chelan Middle School,f,Chelan Middle School - Lake Chelan
2318,Lincoln Elementary School,f,Lincoln Elementary School - Vancouver
2319,Kessler Elementary School,f,Kessler Elementary School - Longview
2321,Dunlap Elementary School,f,Dunlap Elementary School - Seattle
2322,Montlake Elementary School,f,Montlake Elementary School - Seattle
2325,Highline High School,f,Highline High School - Highline
2326,Washington Elementary School,f,Washington Elementary School - Auburn
2328,Cle Elum Roslyn Elementary - Cle Elum,f,Cle Elum Roslyn Elementary - Cle Elum-Roslyn
2329,Cle Elum Roslyn High School - Cle Elum,f,Cle Elum Roslyn High School - Cle Elum-Roslyn
2330,Columbia High School,f,Columbia High School - White Salmon
2331,Onalaska High School,f,Onalaska High School - Onalaska
2334,Meeker Elementary,f,Meeker Elementary - Puyallup
2335,Madison Headstart,f,Madison Headstart - Tacoma
2338,Jason Lee,f,Jason Lee - Tacoma
2340,Midland Elementary,f,Midland Elementary - Franklin Pierce
2341,Nine Mile Falls Elementary,f,Nine Mile Falls Elementary - Nine Mile Falls
2342,Lincoln Elementary School,f,Lincoln Elementary School - Olympia
2343,Mount Baker Senior High,f,Mount Baker Senior High - Mount Baker
2344,East Valley High School,f,East Valley High School - East Valley (Yak)
2345,Mcclure Elementary School,f,Mcclure Elementary School - Grandview
2347,Mission View Elementary School,f,Mission View Elementary School - Wenatchee
2349,Forks Junior-Senior High School,f,Forks Junior-Senior High School - Quillayute Valley
2353,Maple Elementary School,f,Maple Elementary School - Seattle
2355,Evaline Elementary School,f,Evaline Elementary School - Evaline
2357,Raymond Jr Sr High School,f,Raymond Jr Sr High School - Raymond
2358,Stanley,f,Stanley - Tacoma
2359,Stewart,f,Stewart - Tacoma
2360,Orting Primary School,f,Orting Primary School - Orting
2361,Weyerhaeuser Elementary,f,Weyerhaeuser Elementary - Eatonville
2362,Burlington Edison High School,f,Burlington Edison High School - Burlington Edison
2364,North Middle School,f,North Middle School - Everett
2365,Columbia Elementary School,f,Columbia Elementary School - Bellingham
2367,River View High School,f,River View High School - Finley
2368,Jefferson Elementary,f,Jefferson Elementary - Port Angeles
2369,Columbia Valley Garden Elem Schl,f,Columbia Valley Garden Elem Schl - Longview
2370,Saint Helens Elementary,f,Saint Helens Elementary - Longview
2371,Hamilton International Middle School,f,Hamilton International Middle School - Seattle
2372,Bryant Elementary School,f,Bryant Elementary School - Seattle
2377,Gray,f,Gray - Tacoma
2379,Edison Elementary - Burlington/Edison,f,Edison Elementary - Burlington/Edison - Burlington Edison
2380,Central Elementary School,f,Central Elementary School - Sedro Woolley
2381,Arlington Elementary,f,Arlington Elementary - Spokane
2385,Kettle Falls Elementary School,f,Kettle Falls Elementary School - Kettle Falls
2386,Waitsburg High School,f,Waitsburg High School - Waitsburg
2387,Sunnyland Elementary School,f,Sunnyland Elementary School - Bellingham
2388,Selah High School,f,Selah High School - Selah
2389,Mount Adams Middle School,f,Mount Adams Middle School - Mount Adams
2390,Ridgefield High School,f,Ridgefield High School - Ridgefield
2391,Hoquiam Middle School,f,Hoquiam Middle School - Hoquiam
2392,Cleveland High School STEM,f,Cleveland High School STEM - Seattle
2394,Cascade Middle School,f,Cascade Middle School - Auburn
2395,Bainbridge High School,f,Bainbridge High School - Bainbridge
2396,Pateros Elementary,f,Pateros Elementary - Pateros
2397,Pateros High School,f,Pateros High School - Pateros
2398,Central Avenue Elementary,f,Central Avenue Elementary - Franklin Pierce
2399,Spanaway Elementary,f,Spanaway Elementary - Bethel
2400,Stanwood Middle School,f,Stanwood Middle School - Stanwood
2401,Libby Center,f,Libby Center - Spokane
2402,Mead Senior High School,f,Mead Senior High School - Mead
2404,Jenkins Junior/Senior High,f,Jenkins Junior/Senior High - Chewelah
2405,Valley School,f,Valley School - Valley
2406,Griffin School,f,Griffin School - Griffin
2407,Alternative Education Program,f,Alternative Education Program - Walla Walla
2410,Franklin Middle School,f,Franklin Middle School - Yakima
2415,Battle Ground High School,f,Battle Ground High School - Battle Ground
2416,R A Long High School,f,R A Long High School - Longview
2417,Federal Way High School,f,Federal Way High School - Federal Way
2418,Des Moines Elementary,f,Des Moines Elementary - Highline
2419,Vashon Island High School,f,Vashon Island High School - Vashon Island
2422,Oroville Elementary,f,Oroville Elementary - Oroville
2423,Cusick Jr Sr High School,f,Cusick Jr Sr High School - Cusick
2425,Clover Park High School,f,Clover Park High School - Clover Park
2426,Lake Stevens Sr High School,f,Lake Stevens Sr High School - Lake Stevens
2428,Snohomish High School,f,Snohomish High School - Snohomish
2430,Deer Park Elementary,f,Deer Park Elementary - Deer Park
2431,Birchwood Elementary School,f,Birchwood Elementary School - Bellingham
2432,Oakesdale High School,f,Oakesdale High School - Oakesdale
2433,Ridgeview Elementary,f,Ridgeview Elementary - Yakima
2434,Asotin Jr Sr High - Asotin,f,Asotin Jr Sr High - Asotin-Anatone
2435,Madison Middle School,f,Madison Middle School - Seattle
2437,Laurelhurst Elementary School,f,Laurelhurst Elementary School - Seattle
2439,Bryn Mawr Elementary School,f,Bryn Mawr Elementary School - Renton
2441,Adna Middle/High School,f,Adna Middle/High School - Adna
2442,R E Bennett Elementary,f,R E Bennett Elementary - Chehalis
2443,Odessa High School,f,Odessa High School - Odessa
2447,Cheney Middle School,f,Cheney Middle School - Cheney
2448,Garfield Elementary School,f,Garfield Elementary School - Olympia
2449,McDermoth Elementary,f,McDermoth Elementary - Aberdeen
2450,Daniel Bagley Elementary School,f,Daniel Bagley Elementary School - Seattle
2453,Morgan Middle School,f,Morgan Middle School - Ellensburg
2457,Parkside Elementary,f,Parkside Elementary - Tenino
2458,Central Elementary,f,Central Elementary - Ferndale
2459,Nooksack Valley High School,f,Nooksack Valley High School - Nooksack Valley
2462,Loyal Heights Elementary School,f,Loyal Heights Elementary School - Seattle
2466,Carbonado Historical School 19,f,Carbonado Historical School 19 - Carbonado
2467,Anacortes High School,f,Anacortes High School - Anacortes
2468,Rainier Senior High School,f,Rainier Senior High School - Rainier
2469,Outlook Elementary School,f,Outlook Elementary School - Sunnyside
2471,Sequim Senior High,f,Sequim Senior High - Sequim
2472,Wilson Creek Elementary,f,Wilson Creek Elementary - Wilson Creek
2473,Wilson Creek High,f,Wilson Creek High - Wilson Creek
2474,Quilcene High And Elementary,f,Quilcene High And Elementary - Quilcene
2475,Renton Senior High School,f,Renton Senior High School - Renton
2476,Poulsbo Middle School,f,Poulsbo Middle School - North Kitsap
2478,Reardan Middle-Senior High School,f,Reardan Middle-Senior High School - Reardan
2479,Rogers High School,f,Rogers High School - Spokane
2480,Loon Lake Elementary School,f,Loon Lake Elementary School - Loon Lake
2481,Yelm Middle School,f,Yelm Middle School - Yelm
2484,Green Mountain School,f,Green Mountain School - Green Mountain
2485,Carnation Elementary School,f,Carnation Elementary School - Riverview
2487,Boston Harbor Elementary,f,Boston Harbor Elementary - Olympia
2488,Ferndale High School,f,Ferndale High School - Ferndale
2489,Sumas Elementary,f,Sumas Elementary - Nooksack Valley
2491,Queets-Clearwater Elementary - Queets,f,Queets-Clearwater Elementary - Queets-Clearwater
2493,C O Sorenson,f,C O Sorenson - Northshore
2494,Nespelem Elementary,f,Nespelem Elementary - Nespelem
2495,Waller Road Elementary,f,Waller Road Elementary - Puyallup
2496,Firgrove Elementary,f,Firgrove Elementary - Puyallup
2497,Spinning Elementary,f,Spinning Elementary - Puyallup
2498,Maplewood Elementary,f,Maplewood Elementary - Puyallup
2499,Pullman High School,f,Pullman High School - Pullman
2501,Lincoln Middle School,f,Lincoln Middle School - Clarkston
2502,Palisades Elementary School,f,Palisades Elementary School - Palisades
2503,Port Townsend High School,f,Port Townsend High School - Port Townsend
2505,Wide Hollow Elementary,f,Wide Hollow Elementary - West Valley (Yak)
2506,Harrah Elementary School,f,Harrah Elementary School - Mount Adams
2507,Asotin Elementary - Asotin,f,Asotin Elementary - Asotin-Anatone
2508,Prosser High School,f,Prosser High School - Prosser
2509,Hathaway Elementary,f,Hathaway Elementary - Washougal
2510,Quincy Middle School,f,Quincy Middle School - Quincy
2511,South Whidbey Middle,f,South Whidbey Middle - South Whidbey
2512,Skykomish Elementary School,f,Skykomish Elementary School - Skykomish
2513,Skykomish High School,f,Skykomish High School - Skykomish
2514,Thorp Elem & Jr Sr High,f,Thorp Elem & Jr Sr High - Thorp
2516,Boistfort Elem,f,Boistfort Elem - Boistfort
2517,Hilltop School,f,Hilltop School - Ocean Beach
2518,Newport High School,f,Newport High School - Newport
2519,Woodland Elementary,f,Woodland Elementary - Puyallup
2520,Friday Harbor Elementary School,f,Friday Harbor Elementary School - San Juan
2521,Big Lake Elementary School,f,Big Lake Elementary School - Sedro Woolley
2522,La Conner Elementary,f,La Conner Elementary - La Conner
2523,Arlington High School,f,Arlington High School - Arlington
2525,Chattaroy Elementary,f,Chattaroy Elementary - Riverside
2527,Rochester Primary School,f,Rochester Primary School - Rochester
2528,Edison Elementary School - Walla Walla,f,Edison Elementary School - Walla Walla - Walla Walla
2624,Wallace Elementary,f,Wallace Elementary - Kelso
2529,Roosevelt Elementary School,f,Roosevelt Elementary School - Yakima
2530,Moxee Elementary,f,Moxee Elementary - East Valley (Yak)
2531,Granger Middle School,f,Granger Middle School - Granger
2532,White Swan High School,f,White Swan High School - Mount Adams
2539,Grainger Elementary,f,Grainger Elementary - Okanogan
2542,Willapa Valley Middle-High,f,Willapa Valley Middle-High - Willapa Valley
2545,Silver Lake Elementary - Everett,f,Silver Lake Elementary - Everett - Everett
2546,Maltby Elementary,f,Maltby Elementary - Monroe
2549,Wellpinit Elementary School,f,Wellpinit Elementary School - Wellpinit
2550,Wellpinit High School,f,Wellpinit High School - Wellpinit
2552,Michael T Simmons Elementary,f,Michael T Simmons Elementary - Tumwater
2553,Bellingham High School,f,Bellingham High School - Bellingham
2554,Meridian High School,f,Meridian High School - Meridian
2555,Grandview High School,f,Grandview High School - Grandview
2558,La Center Elementary,f,La Center Elementary - Lacenter
2560,Toutle Lake High School,f,Toutle Lake High School - Toutle Lake
2561,Kalama Middle School,f,Kalama Middle School - Kalama
2562,Bridgeport Elementary,f,Bridgeport Elementary - Bridgeport
2563,Rock Island Elementary,f,Rock Island Elementary - Eastmont
2564,Showalter Middle School,f,Showalter Middle School - Tukwila
2565,Meridian Elementary School,f,Meridian Elementary School - Kent
2569,Kittitas Elementary School,f,Kittitas Elementary School - Kittitas
2570,Walter Strom Middle School - Cle Elum,f,Walter Strom Middle School - Cle Elum-Roslyn
2572,Mossyrock Elementary School,f,Mossyrock Elementary School - Mossyrock
2575,Edgemont Jr High,f,Edgemont Jr High - Puyallup
2576,Clover Creek Elementary,f,Clover Creek Elementary - Bethel
2577,Concrete Elementary,f,Concrete Elementary - Concrete
2578,Conway School,f,Conway School - Conway
2579,Lincoln Elementary School,f,Lincoln Elementary School - Mt Vernon
2580,Granite Falls High School,f,Granite Falls High School - Granite Falls
2581,Stanwood High School,f,Stanwood High School - Stanwood
2584,Irene Reither Elementary School,f,Irene Reither Elementary School - Meridian
2585,Acme Elementary,f,Acme Elementary - Mount Baker
2587,Franklin Elementary,f,Franklin Elementary - Pullman
2588,Colton School,f,Colton School - Colton
2591,Naches Valley High School,f,Naches Valley High School - Naches Valley
2592,Adams Elementary School,f,Adams Elementary School - Yakima
2594,Neah Bay Elementary School,f,Neah Bay Elementary School - Cape Flattery
2596,Rose Valley Elementary,f,Rose Valley Elementary - Kelso
2597,Kennydale Elementary School,f,Kennydale Elementary School - Renton
2601,Snohomish Detention Center,f,Snohomish Detention Center - ESD  189
2602,Keller Elementary School,f,Keller Elementary School - Keller
2603,Inchelium High School,f,Inchelium High School - Inchelium
2605,Wishram High And Elementary Schl,f,Wishram High And Elementary Schl - Wishram
2607,Custer Elem,f,Custer Elem - Ferndale
2608,Garfield Elementary School,f,Garfield Elementary School - Toppenish
2609,Forks Middle School,f,Forks Middle School - Quillayute Valley
2610,Hough Elementary School,f,Hough Elementary School - Vancouver
2612,Fircrest Residential Habilitation,f,Fircrest Residential Habilitation - Shoreline
2613,West Hills S.T.E.M. Academy,f,West Hills S.T.E.M. Academy - Bremerton
2615,Central Kitsap High School,f,Central Kitsap High School - Central Kitsap
2616,Toledo High School,f,Toledo High School - Toledo
2620,Lyman Elementary School,f,Lyman Elementary School - Sedro Woolley
2621,McLane Elementary School,f,McLane Elementary School - Olympia
2622,Palouse Elementary,f,Palouse Elementary - Palouse
2625,Coupeville High School,f,Coupeville High School - Coupeville
2632,Lopez Middle High School,f,Lopez Middle High School - Lopez
2633,Yelm High School 12,f,Yelm High School 12 - Yelm
2634,Palouse High School,f,Palouse High School - Palouse
2635,Lincoln Elementary School,f,Lincoln Elementary School - Toppenish
2636,Early Childhood Education Center,f,Early Childhood Education Center - Vancouver
2637,Fruit Valley Elementary School,f,Fruit Valley Elementary School - Vancouver
2639,White Center Heights Elementary,f,White Center Heights Elementary - Highline
2640,Highlands Elementary School,f,Highlands Elementary School - Renton
2641,East Port Orchard Elementary,f,East Port Orchard Elementary - South Kitsap
2642,Jefferson Elementary,f,Jefferson Elementary - Richland
2643,Harney Elementary School,f,Harney Elementary School - Vancouver
2644,Peter S Ogden Elementary,f,Peter S Ogden Elementary - Vancouver
2645,West Seattle Elementary School,f,West Seattle Elementary School - Seattle
2650,Orchard Heights Elementary,f,Orchard Heights Elementary - South Kitsap
2651,Tillicum Elementary School,f,Tillicum Elementary School - Clover Park
2652,Lakeview Hope Academy,f,Lakeview Hope Academy - Clover Park
2653,Trent School,f,Trent School - East Valley (Spok
2656,Marcus Whitman Elementary,f,Marcus Whitman Elementary - Richland
2657,Lewis & Clark Elementary School,f,Lewis & Clark Elementary School - Richland
2659,Terminal Park Elementary School,f,Terminal Park Elementary School - Auburn
2662,Belfair Elementary,f,Belfair Elementary - North Mason
2664,Gess Elementary,f,Gess Elementary - Chewelah
2665,Broadway Learning Center,f,Broadway Learning Center - Longview
2666,Orondo Elementary and Middle School,f,Orondo Elementary and Middle School - Orondo
2667,View Ridge Elementary School,f,View Ridge Elementary School - Seattle
2668,Davenport Elementary,f,Davenport Elementary - Davenport
2669,Madison Elementary,f,Madison Elementary - Everett
2671,Amboy Middle School,f,Amboy Middle School - Battle Ground
2673,Frontier Middle School,f,Frontier Middle School - Moses Lake
2676,Trout Lake School,f,Trout Lake School - Trout Lake
2677,Goldendale Primary School,f,Goldendale Primary School - Goldendale
2678,Morton Elementary School,f,Morton Elementary School - Morton
2679,Tonasket High School,f,Tonasket High School - Tonasket
2681,Peninsula High School,f,Peninsula High School - Peninsula
2682,Stevenson Elementary - Stevenson,f,Stevenson Elementary - Stevenson-Carson
2687,Nooksack Valley Middle School,f,Nooksack Valley Middle School - Nooksack Valley
2688,Paul Rumburg Elementary,f,Paul Rumburg Elementary - Entiat
2689,Morgen Owings Elementary School,f,Morgen Owings Elementary School - Lake Chelan
2690,Hazel Dell Elementary School,f,Hazel Dell Elementary School - Vancouver
2691,Catlin Elementary,f,Catlin Elementary - Kelso
2693,Coulee City Elementary,f,Coulee City Elementary - Coulee/Hartline
2694,Soap Lake Elementary,f,Soap Lake Elementary - Soap Lake
2695,Parkway School,f,Parkway School - Ephrata
2696,Oak Harbor Elementary,f,Oak Harbor Elementary - Oak Harbor
2697,Chimacum Elementary School,f,Chimacum Elementary School - Chimacum
2699,Hazel Valley Elementary,f,Hazel Valley Elementary - Highline
2701,Bellevue High School,f,Bellevue High School - Bellevue
2702,West Auburn Senior High School,f,West Auburn Senior High School - Auburn
2703,Ridgecrest Elementary,f,Ridgecrest Elementary - Shoreline
2704,Fords Prairie Elementary,f,Fords Prairie Elementary - Centralia
2706,Oroville Middle-High School,f,Oroville Middle-High School - Oroville
2707,Anacortes Middle School,f,Anacortes Middle School - Anacortes
2708,Madison Elementary,f,Madison Elementary - Spokane
2711,Millwood Kindergarten Center,f,Millwood Kindergarten Center - West Valley (Spok
2792,Warden Elementary,f,Warden Elementary - Warden
2712,Waitsburg Elementary School,f,Waitsburg Elementary School - Waitsburg
2713,Blaine Elementary School,f,Blaine Elementary School - Blaine
2714,Union Gap School,f,Union Gap School - Union Gap
2715,Hoover Elementary School,f,Hoover Elementary School - Yakima
2717,Washington Elementary,f,Washington Elementary - Sunnyside
2718,Highland Junior High School,f,Highland Junior High School - Highland
2719,Ritzville Grade School,f,Ritzville Grade School - Ritzville
2721,Carmichael Middle School,f,Carmichael Middle School - Richland
2722,Helen Haller Elementary School,f,Helen Haller Elementary School - Sequim
2723,Minnehaha Elementary School,f,Minnehaha Elementary School - Vancouver
2724,Evergreen High School,f,Evergreen High School - Evergreen (Clark)
2725,Helen Baller Elem,f,Helen Baller Elem - Camas
2726,Olympic Elementary School,f,Olympic Elementary School - Longview
2727,Eastmont Senior High,f,Eastmont Senior High - Eastmont
2728,North Beach Senior High School,f,North Beach Senior High School - North Beach
2729,Eckstein Middle School,f,Eckstein Middle School - Seattle
2730,Arbor Heights Elementary School,f,Arbor Heights Elementary School - Seattle
2733,Lafayette Elementary School,f,Lafayette Elementary School - Seattle
2734,McMicken Heights Elementary,f,McMicken Heights Elementary - Highline
2738,Clark Elementary,f,Clark Elementary - Issaquah
2739,Lake Washington High,f,Lake Washington High - Lake Washington
2741,Lincoln Elementary,f,Lincoln Elementary - Ellensburg
2743,Harrington Elementary School,f,Harrington Elementary School - Harrington
2744,Southside Elementary,f,Southside Elementary - Southside
2745,Evergreen Elementary School,f,Evergreen Elementary School - Shelton
2747,Downing,f,Downing - Tacoma
2748,Kapowsin Elementary,f,Kapowsin Elementary - Bethel
2749,Orcas Island Elementary School,f,Orcas Island Elementary School - Orcas
2750,Orcas Island High School,f,Orcas Island High School - Orcas
2751,Jackson Elementary School,f,Jackson Elementary School - Everett
2752,Whittier Elementary,f,Whittier Elementary - Everett
2754,South Bay Elementary,f,South Bay Elementary - North Thurston
2756,Thompson Elementary School,f,Thompson Elementary School - Grandview
2757,Satus Elementary,f,Satus Elementary - Wapato
2758,Mountainview Elementary,f,Mountainview Elementary - West Valley (Yak)
2760,Peshastin Dryden Elementary,f,Peshastin Dryden Elementary - Cascade
2762,Castle Rock Elementary,f,Castle Rock Elementary - Castle Rock
2763,Robert Gray Elementary,f,Robert Gray Elementary - Aberdeen
2765,Beverly Park Elem at Glendale,f,Beverly Park Elem at Glendale - Highline
2766,Kittitas High School,f,Kittitas High School - Kittitas
2768,Washington Elementary School,f,Washington Elementary School - Centralia
2769,P C Jantz Elementary,f,P C Jantz Elementary - Odessa
2770,Bess Herian Elementary,f,Bess Herian Elementary - Cusick
2771,Lister,f,Lister - Tacoma
2772,Fawcett,f,Fawcett - Tacoma
2773,Fife High School,f,Fife High School - Fife
2774,Mary Purcell Elementary School,f,Mary Purcell Elementary School - Sedro Woolley
2776,North Pines Middle School,f,North Pines Middle School - Central Valley
2778,Roosevelt Elementary School,f,Roosevelt Elementary School - Olympia
2780,Pioneer Middle School,f,Pioneer Middle School - Walla Walla
2783,Hilton Elementary School,f,Hilton Elementary School - Zillah
2785,Chief Joseph Middle School,f,Chief Joseph Middle School - Richland
2786,Jason Lee Elementary School,f,Jason Lee Elementary School - Richland
2787,VALE ELEMENTARY SCHOOL,f,VALE ELEMENTARY SCHOOL - Cashmere
2788,Bridgeport High School,f,Bridgeport High School - Bridgeport
2789,Republic Elementary School,f,Republic Elementary School - Republic
2790,Longfellow Elementary,f,Longfellow Elementary - Pasco
2793,Columbia Ridge Elementary,f,Columbia Ridge Elementary - Ephrata
2795,Auburn Senior High School,f,Auburn Senior High School - Auburn
2796,Juanita Elementary,f,Juanita Elementary - Lake Washington
2797,Kent-Meridian High School,f,Kent-Meridian High School - Kent
2798,David Wolfle Elementary,f,David Wolfle Elementary - North Kitsap
2799,W F West High School,f,W F West High School - Chehalis
2800,Brewster High School,f,Brewster High School - Brewster
2801,Lake Roosevelt Jr/Sr High School,f,Lake Roosevelt Jr/Sr High School - Grand Coulee Dam
2802,Lake Roosevelt Elementary,f,Lake Roosevelt Elementary  - Grand Coulee Dam
2803,Raymond Elementary School,f,Raymond Elementary School - Raymond
2804,Mike Morris Elementary,f,Mike Morris Elementary - South Bend
2805,Lowell,f,Lowell - Tacoma
2806,Reed,f,Reed - Tacoma
2807,Bethel High School,f,Bethel High School - Bethel
2808,Columbia Crest A-STEM Academy,f,Columbia Crest A-STEM Academy - Eatonville
2809,Endeavour Intermediate,f,Endeavour Intermediate - Fife
2810,Concrete High School,f,Concrete High School - Concrete
2811,Lowell Elementary - Everett,f,Lowell Elementary - Everett - Everett
2813,Totem Middle School,f,Totem Middle School - Marysville
2814,Sunset Elementary,f,Sunset Elementary - Cheney
2816,Littlerock Elementary School,f,Littlerock Elementary School - Tumwater
2817,Carl Cozier Elementary School,f,Carl Cozier Elementary School - Bellingham
2818,Gilbert Elementary School,f,Gilbert Elementary School - Yakima
2819,Nob Hill Elementary School,f,Nob Hill Elementary School - Yakima
2821,Terrace Heights Elementary,f,Terrace Heights Elementary - East Valley (Yak)
2822,Ahtanum Valley Elementary,f,Ahtanum Valley Elementary - West Valley (Yak)
2823,Parkway Elementary,f,Parkway Elementary - Clarkston
2824,Eastgate Elementary School,f,Eastgate Elementary School - Kennewick
2825,Westgate Elementary School,f,Westgate Elementary School - Kennewick
2826,Kennewick High School,f,Kennewick High School - Kennewick
2827,Alpine Lakes Elementary,f,Alpine Lakes Elementary - Cascade
2828,Walnut Grove Elementary,f,Walnut Grove Elementary - Vancouver
2829,Mill Plain Elementary School,f,Mill Plain Elementary School - Evergreen (Clark)
2830,Dayton Elementary School,f,Dayton Elementary School - Dayton
2831,Monticello Middle School,f,Monticello Middle School - Longview
2832,Peninsula Elementary,f,Peninsula Elementary - Moses Lake
2833,Knolls Vista Elementary,f,Knolls Vista Elementary - Moses Lake
2834,A J West Elementary,f,A J West Elementary - Aberdeen
2835,Mccleary Elem,f,Mccleary Elem - Mc Cleary
2836,Brinnon Elementary,f,Brinnon Elementary - Brinnon
2838,Catharine Blaine K-8 School,f,Catharine Blaine K-8 School - Seattle
2839,David T. Denny International Middle School,f,David T. Denny International Middle School - Seattle
2841,Lakeland Elementary School,f,Lakeland Elementary School - Federal Way
2842,Shorewood Elementary,f,Shorewood Elementary - Highline
2844,Gregory Heights Elementary,f,Gregory Heights Elementary - Highline
2846,Enatai Elementary School,f,Enatai Elementary School - Bellevue
2847,Clyde Hill Elementary,f,Clyde Hill Elementary - Bellevue
2848,Foster Senior High School,f,Foster Senior High School - Tukwila
2849,Tahoma Senior High School,f,Tahoma Senior High School - Tahoma
2850,Mount Si High School,f,Mount Si High School - Snoqualmie Valley
2851,East Hill Elementary School,f,East Hill Elementary School - Kent
2853,View Ridge Elementary Arts Academy,f,View Ridge Elementary Arts Academy - Bremerton
2854,Hilder Pearson Elementary,f,Hilder Pearson Elementary - North Kitsap
2856,Goldendale High School,f,Goldendale High School - Goldendale
2858,Pe Ell School,f,Pe Ell School - Pe Ell
2859,White Pass Jr. Sr. High School,f,White Pass Jr. Sr. High School - White Pass
2860,Almira Elementary School,f,Almira Elementary School - Almira
2862,Creston Elementary,f,Creston Elementary - Creston
2863,Creston Jr-Sr High School,f,Creston Jr-Sr High School - Creston
2864,Reardan Elementary School,f,Reardan Elementary School - Reardan
2865,Pioneer Middle School,f,Pioneer Middle School - Pioneer
2868,Naselle Elementary,f,Naselle Elementary - Naselle Grays Riv
2870,Karshner Elementary,f,Karshner Elementary - Puyallup
2872,Browns Point,f,Browns Point - Tacoma
2874,Whitman,f,Whitman - Tacoma
2875,Maple Lawn Elementary,f,Maple Lawn Elementary - Sumner
2876,Franklin Pierce High School,f,Franklin Pierce High School - Franklin Pierce
2877,Elk Plain School of Choice,f,Elk Plain School of Choice - Bethel
2878,Discovery Primary School,f,Discovery Primary School - Fife
2879,Friday Harbor High School,f,Friday Harbor High School - San Juan
2880,Washington Elementary School,f,Washington Elementary School - Mt Vernon
2882,Carson Elementary - Stevenson,f,Carson Elementary - Stevenson-Carson
2883,Hawthorne Elementary School - Everett,f,Hawthorne Elementary School - Everett - Everett
2884,Mt. Pilchuck Elementary School,f,Mt. Pilchuck Elementary School - Lake Stevens
2885,Hillcrest Elementary School,f,Hillcrest Elementary School - Lake Stevens
2886,Fairmount Elementary,f,Fairmount Elementary - Mukilteo
2887,Martha Lake Elementary,f,Martha Lake Elementary - Edmonds
2888,Terrace Park Elementary,f,Terrace Park Elementary - Edmonds
2890,Medical Lake High School,f,Medical Lake High School - Medical Lake
2892,Broadway Elementary,f,Broadway Elementary - Central Valley
2893,Julius A Wendt Elementary/John C Thomas Middle School,f,Julius A Wendt Elementary/John C Thomas Middle School - Wahkiakum
2894,Leonard M Jennings Elementary,f,Leonard M Jennings Elementary - Colfax
2895,Garfield Elementary,f,Garfield Elementary - Garfield
2896,Garfield Middle School,f,Garfield Middle School - Garfield
2898,Naches Valley Middle School,f,Naches Valley Middle School - Naches Valley
2899,Mcclure Elementary School Yakima,f,Mcclure Elementary School Yakima - Yakima
2900,Toppenish High School,f,Toppenish High School - Toppenish
2902,Lutacaga Elementary,f,Lutacaga Elementary - Othello
2903,Lind-Ritzville High School,f,Lind-Ritzville High School - Lind
2904,Kiona-Benton City High School,f,Kiona-Benton City High School - Kiona Benton
2905,Whitstran Elementary,f,Whitstran Elementary - Prosser
2906,Housel Middle School,f,Housel Middle School - Prosser
2907,Washington Elementary School,f,Washington Elementary School - Wenatchee
2908,Port Angeles High School,f,Port Angeles High School - Port Angeles
2909,Franklin Elementary,f,Franklin Elementary - Port Angeles
2910,Yacolt Primary,f,Yacolt Primary - Battle Ground
2911,Gause Elementary,f,Gause Elementary - Washougal
2912,Orchards Elementary School,f,Orchards Elementary School - Evergreen (Clark)
2913,Carrolls Elementary,f,Carrolls Elementary - Kelso
2914,Northlake Elementary School,f,Northlake Elementary School - Longview
2915,Kalama Elem School,f,Kalama Elem School - Kalama
2916,Huntington Middle School,f,Huntington Middle School - Kelso
2917,Pasco Senior High School,f,Pasco Senior High School - Pasco
2918,Connell Elem,f,Connell Elem - North Franklin
2919,Pioneer Elementary,f,Pioneer Elementary - Quincy
2920,Ephrata High School,f,Ephrata High School - Ephrata
2921,Lake Quinault School,f,Lake Quinault School - Quinault
2922,Oakville Elementary,f,Oakville Elementary - Oakville
2926,Cedarhurst Elementary,f,Cedarhurst Elementary - Highline
2927,Sylvester Middle School,f,Sylvester Middle School - Highline
2929,Lakeridge Elementary School,f,Lakeridge Elementary School - Renton
2932,Dick Scobee Elementary School,f,Dick Scobee Elementary School - Auburn
2939,Delong,f,Delong - Tacoma
2940,Arlington,f,Arlington - Tacoma
2941,Mann,f,Mann - Tacoma
2942,Orting High School,f,Orting High School - Orting
2943,Custer Elementary School,f,Custer Elementary School - Clover Park
2944,Harbor Heights Elementary School,f,Harbor Heights Elementary School - Peninsula
2945,James Sales Elementary,f,James Sales Elementary - Franklin Pierce
2946,West View Elementary,f,West View Elementary - Burlington Edison
2948,Index Elementary School,f,Index Elementary School - Index
2950,Ridgeview Elementary,f,Ridgeview Elementary - Spokane
2951,Lincoln Heights Elementary,f,Lincoln Heights Elementary - Spokane
2952,Lidgerwood Elementary,f,Lidgerwood Elementary - Spokane
2953,Progress Elementary School,f,Progress Elementary School - Central Valley
2954,Betz Elementary,f,Betz Elementary - Cheney
2955,Otis Orchards School,f,Otis Orchards School - East Valley (Spok
2956,Seth Woodard Elementary,f,Seth Woodard Elementary - West Valley (Spok
2957,Hofstetter Elementary,f,Hofstetter Elementary - Colville
2958,Northport High School,f,Northport High School - Northport
2959,Sunnyside High School,f,Sunnyside High School - Sunnyside
2960,Camas Elementary,f,Camas Elementary - Wapato
2961,Hiawatha Elementary School,f,Hiawatha Elementary School - Othello
2962,Grantham Elementary,f,Grantham Elementary - Clarkston
2964,Salmon Creek Elementary,f,Salmon Creek Elementary - Vancouver
2966,Grant Elementary School,f,Grant Elementary School - Eastmont
2967,Emerson Elementary,f,Emerson Elementary - Pasco
2968,Almira Coulee Hartline High School,f,Almira Coulee Hartline High School - Coulee/Hartline
2969,Lakeview Terrace Elementary,f,Lakeview Terrace Elementary - Moses Lake
2970,Midway Elementary,f,Midway Elementary - Moses Lake
2971,Stevens Elementary School,f,Stevens Elementary School - Aberdeen
2972,Central Elementary School,f,Central Elementary School - Hoquiam
2973,Lake Quinault High School,f,Lake Quinault High School - Quinault
2974,Oak Harbor High School,f,Oak Harbor High School - Oak Harbor
2975,John Rogers Elementary School,f,John Rogers Elementary School - Seattle
2976,Olympic Hills Elementary School,f,Olympic Hills Elementary School - Seattle
2977,Viewlands Elementary School,f,Viewlands Elementary School - Seattle
2980,Byron Kibler Elementary School,f,Byron Kibler Elementary School - Enumclaw
2981,Lakeridge Elementary School,f,Lakeridge Elementary School - Mercer Island
2982,Bow Lake Elementary,f,Bow Lake Elementary - Highline
2983,North Hill Elementary,f,North Hill Elementary - Highline
2984,Midway Elementary,f,Midway Elementary - Highline
2986,Canyon View Group Home,f,Canyon View Group Home - Eastmont
2990,Briarcrest Elementary,f,Briarcrest Elementary - Shoreline
2992,Rose Hill Elementary,f,Rose Hill Elementary - Lake Washington
2993,Kenmore Elementary,f,Kenmore Elementary - Northshore
2994,Brownsville Elementary,f,Brownsville Elementary - Central Kitsap
2995,Olalla Elementary School,f,Olalla Elementary School - South Kitsap
2996,Ellensburg High School,f,Ellensburg High School - Ellensburg
2997,Hulan L Whitson Elem,f,Hulan L Whitson Elem - White Salmon
2998,Toledo Elementary School,f,Toledo Elementary School - Toledo
2999,N Omak Elementary,f,N Omak Elementary - Omak
3000,Harvard Elementary,f,Harvard Elementary - Franklin Pierce
3001,Madison Elementary,f,Madison Elementary - Mt Vernon
3002,View Ridge Elementary,f,View Ridge Elementary - Everett
3003,Mount Baker Junior High,f,Mount Baker Junior High - Mount Baker
3005,Emerson Elementary,f,Emerson Elementary - Snohomish
3006,Eagle Rock Multiage School,f,Eagle Rock Multiage School - Riverview
3007,Hamblen Elementary,f,Hamblen Elementary - Spokane
3008,Bryant Center,f,Bryant Center - Spokane
3010,North Thurston High School,f,North Thurston High School - North Thurston
3011,Friday Harbor Middle School,f,Friday Harbor Middle School - San Juan
3012,Columbia Middle School,f,Columbia Middle School - Columbia (Walla)
3013,Smith Elementary School,f,Smith Elementary School - Grandview
3014,Kent Mountain View Academy,f,Kent Mountain View Academy - Kent
3015,Othello High School,f,Othello High School - Othello
3016,Sarah J Anderson Elementary,f,Sarah J Anderson Elementary - Vancouver
3017,Lake Shore Elementary,f,Lake Shore Elementary - Vancouver
3018,Glenwood Heights Primary,f,Glenwood Heights Primary - Battle Ground
3019,Robert Gray Elementary,f,Robert Gray Elementary - Longview
3020,Mountain View Elementary,f,Mountain View Elementary - Quincy
3021,Larson Heights Elementary,f,Larson Heights Elementary - Moses Lake
3022,Chief Moses Middle School,f,Chief Moses Middle School - Moses Lake
3023,K-8 Learning Lab,f,K-8 Learning Lab - Yakima
3024,Ocosta Junior - Senior High,f,Ocosta Junior - Senior High - Ocosta
3025,Ocosta Elementary School,f,Ocosta Elementary School - Ocosta
3026,Wedgwood Elementary School,f,Wedgwood Elementary School - Seattle
3027,Northgate Elementary School,f,Northgate Elementary School - Seattle
3028,Sacajawea Elementary School,f,Sacajawea Elementary School - Seattle
3029,Mercer Island High School,f,Mercer Island High School - Mercer Island
3032,Southern Heights Elementary,f,Southern Heights Elementary - Highline
3034,Campbell Hill Elementary School,f,Campbell Hill Elementary School - Renton
3035,McKnight Middle School,f,McKnight Middle School - Renton
3036,Eastgate Elementary School,f,Eastgate Elementary School - Bellevue
3038,Issaquah Middle School,f,Issaquah Middle School - Issaquah
3041,Lakeview Elementary,f,Lakeview Elementary - Lake Washington
3043,Capt. Charles Wilkes Elem School,f,Capt. Charles Wilkes Elem School - Bainbridge
3046,Marcus Whitman Middle School,f,Marcus Whitman Middle School - South Kitsap
3047,Glenwood Elementary,f,Glenwood Elementary - Glenwood
3048,Glenwood Secondary,f,Glenwood Secondary - Glenwood
3049,Dallesport Elementary,f,Dallesport Elementary - Lyle
3050,Sprague Elementary,f,Sprague Elementary - Sprague
3051,E Omak Elementary,f,E Omak Elementary - Omak
3052,Kalles Junior High,f,Kalles Junior High - Puyallup
3053,Grant,f,Grant - Tacoma
3054,Baker,f,Baker - Tacoma
3055,Evergreen Elementary,f,Evergreen Elementary - Peninsula
3056,Vaughn Elementary School,f,Vaughn Elementary School - Peninsula
3057,Mount Erie Elementary,f,Mount Erie Elementary - Anacortes
3059,Cascade Elementary,f,Cascade Elementary - Marysville
3060,Frank Wagner Elementary,f,Frank Wagner Elementary - Monroe
3062,Trout Lake Elementary,f,Trout Lake Elementary - Trout Lake
3063,Westview Elementary,f,Westview Elementary - Spokane
3064,University Elementary School,f,University Elementary School - Central Valley
3065,Central Valley High School,f,Central Valley High School - Central Valley
3066,Madison Elementary School,f,Madison Elementary School - Olympia
3067,Rochester Middle School,f,Rochester Middle School - Rochester
3068,St John/Endicott High,f,St John/Endicott High - St John
3069,St John Elementary,f,St John Elementary - St John
3070,Artz Fox Elementary,f,Artz Fox Elementary - Mabton
3071,Grandview Middle School,f,Grandview Middle School - Grandview
3072,Marcus Whitman-Cowiche Elementary,f,Marcus Whitman-Cowiche Elementary - Highland
3073,Tieton Intermediate School,f,Tieton Intermediate School - Highland
3074,West Valley High School,f,West Valley High School - West Valley (Yak)
3075,Washtucna Elementary/High School,f,Washtucna Elementary/High School - Washtucna
3077,Hawthorne Elementary School - Kennewick,f,Hawthorne Elementary School - Kennewick - Kennewick
3078,Finley Elementary,f,Finley Elementary - Finley
3079,Hamilton Elementary,f,Hamilton Elementary - Port Angeles
3080,Benjamin Franklin Elementary,f,Benjamin Franklin Elementary - Vancouver
3081,Hudson's Bay High School,f,Hudson's Bay High School - Vancouver
3082,Butler Acres Elementary,f,Butler Acres Elementary - Kelso
3083,Lee Elementary,f,Lee Elementary - Eastmont
3085,Mark Twain Elementary,f,Mark Twain Elementary - Pasco
3086,Mesa Elem,f,Mesa Elem - North Franklin
3087,Pomeroy Elementary School,f,Pomeroy Elementary School - Pomeroy
3088,Quincy High School,f,Quincy High School - Quincy
3089,Soap Lake Middle & High School,f,Soap Lake Middle & High School - Soap Lake
3090,Red Rock Elementary,f,Red Rock Elementary - Royal
3091,Garden Heights Elementary,f,Garden Heights Elementary - Moses Lake
3092,Grant Elementary,f,Grant Elementary - Ephrata
3094,Salish Coast Elementary,f,Salish Coast Elementary - Port Townsend
3095,Mercer International Middle School,f,Mercer International Middle School - Seattle
3096,Chief Sealth International High School,f,Chief Sealth International High School - Seattle
3097,Marvista Elementary,f,Marvista Elementary - Highline
3098,Chinook Middle School,f,Chinook Middle School - Highline
3099,Evergreen High School,f,Evergreen High School - Highline
3100,Stevenson Elementary,f,Stevenson Elementary - Bellevue
3101,Cherry Valley Elementary School,f,Cherry Valley Elementary School - Riverview
3104,Echo Lake Elementary School,f,Echo Lake Elementary School - Shoreline
3105,Crystal Springs Elementary,f,Crystal Springs Elementary - Northshore
3106,Bothell High School,f,Bothell High School - Northshore
3107,Arrowhead Elementary,f,Arrowhead Elementary - Northshore
3108,Crownhill Elementary School,f,Crownhill Elementary School - Bremerton
3109,Bremerton High School,f,Bremerton High School - Bremerton
3110,South Colby Elementary,f,South Colby Elementary - South Kitsap
3111,Lyle High School,f,Lyle High School - Lyle
3112,Morton Junior-Senior High,f,Morton Junior-Senior High - Morton
3113,Harrington High School,f,Harrington High School - Harrington
3114,Riverside Elementary,f,Riverside Elementary - Puyallup
3115,Hilltop Elementary,f,Hilltop Elementary - Puyallup
3116,Wainwright,f,Wainwright - Tacoma
3117,Idlewild Elementary School,f,Idlewild Elementary School - Clover Park
3119,Stevenson High School - Stevenson,f,Stevenson High School - Stevenson-Carson
3120,Olympic View Middle School,f,Olympic View Middle School - Mukilteo
3121,Olivia Park Elementary,f,Olivia Park Elementary - Mukilteo
3122,Lynndale Elementary,f,Lynndale Elementary - Edmonds
3123,Edmonds Woodway High School,f,Edmonds Woodway High School - Edmonds
3124,Post Middle School,f,Post Middle School - Arlington
3125,Stanwood Elementary School,f,Stanwood Elementary School - Stanwood
3126,Middle School Options,f,Middle School Options - North Kitsap
3127,McDonald Elementary School,f,McDonald Elementary School - Central Valley
3128,Trentwood School,f,Trentwood School - East Valley (Spok
3129,Orchard Center Elementary,f,Orchard Center Elementary - West Valley (Spok
3130,Mountain View Elementary,f,Mountain View Elementary - North Thurston
3132,Olympia High School,f,Olympia High School - Olympia
3133,Jefferson Middle School,f,Jefferson Middle School - Olympia
3134,Happy Valley Elementary School,f,Happy Valley Elementary School - Bellingham
3136,Blaine High School,f,Blaine High School - Blaine
3137,Lamont Middle School,f,Lamont Middle School - Lamont
3138,Barge-Lincoln Elementary School,f,Barge-Lincoln Elementary School - Yakima
3141,Wapato High School,f,Wapato High School - Wapato
3142,Benge Elementary,f,Benge Elementary - Benge
3143,Clallam Co Juvenile Detention,f,Clallam Co Juvenile Detention - ESD 114
3144,Washington Elementary School,f,Washington Elementary School - Kennewick
3145,Neah Bay Junior/ Senior High School,f,Neah Bay Junior/ Senior High School - Cape Flattery
3146,Mcloughlin Middle School,f,Mcloughlin Middle School - Vancouver
3147,Washougal High School,f,Washougal High School - Washougal
3148,Ellsworth Elementary School,f,Ellsworth Elementary School - Evergreen (Clark)
3149,Sifton Elementary School,f,Sifton Elementary School - Evergreen (Clark)
3151,Mark Morris High School,f,Mark Morris High School - Longview
3152,Mattawa Elementary,f,Mattawa Elementary - Wahluke
3153,Longview Elementary,f,Longview Elementary - Moses Lake
3154,Hopkins Elementary,f,Hopkins Elementary - Aberdeen
3155,Pacific Beach Elementary School,f,Pacific Beach Elementary School - North Beach
3157,Roxhill Elementary School,f,Roxhill Elementary School - Seattle
3159,Mirror Lake Elementary School,f,Mirror Lake Elementary School - Federal Way
3160,Star Lake Elementary School,f,Star Lake Elementary School - Federal Way
3162,Island Park Elementary,f,Island Park Elementary - Mercer Island
3163,Cascade Middle School,f,Cascade Middle School - Highline
3165,Hilltop Elementary,f,Hilltop Elementary - Highline
3166,Highland Middle School,f,Highland Middle School - Bellevue
3167,Woodridge Elementary,f,Woodridge Elementary - Bellevue
3168,Phantom Lake Elementary,f,Phantom Lake Elementary - Bellevue
3169,Olympic Middle School,f,Olympic Middle School - Auburn
3171,Naval Avenue Elementary School,f,Naval Avenue Elementary School - Bremerton
3172,Jefferson Lincoln Elementary,f,Jefferson Lincoln Elementary - Centralia
3173,Davenport Senior High School,f,Davenport Senior High School - Davenport
3174,Hawkins Middle School,f,Hawkins Middle School - North Mason
3175,North Mason Senior High School,f,North Mason Senior High School - North Mason
3176,Tonasket Elementary School,f,Tonasket Elementary School - Tonasket
3179,Curtis Junior High,f,Curtis Junior High - University Place
3180,Brookdale Elementary,f,Brookdale Elementary - Franklin Pierce
3181,Cascade Middle School,f,Cascade Middle School - Sedro Woolley
3182,Fidalgo Elementary,f,Fidalgo Elementary - Anacortes
3183,Jefferson Elementary,f,Jefferson Elementary - Mt Vernon
3184,Emerson Elementary School,f,Emerson Elementary School - Everett
3185,Early Childhood Center,f,Early Childhood Center - Edmonds
3186,Westgate Elementary,f,Westgate Elementary - Edmonds
3187,Shoultes Elementary,f,Shoultes Elementary - Marysville
3188,Darrington High School,f,Darrington High School - Darrington
3189,Shadle Park High School,f,Shadle Park High School - Spokane
3190,Linwood Elementary,f,Linwood Elementary - Spokane
3191,Mountainside Middle School,f,Mountainside Middle School - Mead
3192,Freeman High School,f,Freeman High School - Freeman
3193,Okanogan Co Juvenile Detention,f,Okanogan Co Juvenile Detention - Okanogan
3194,Pasadena Park Elementary,f,Pasadena Park Elementary - West Valley (Spok
3195,West Valley High School,f,West Valley High School - West Valley (Spok
3196,Ness Elementary,f,Ness Elementary - West Valley (Spok
3197,Evergreen School,f,Evergreen School - Evergreen (Stev)
3198,Kettle Falls Middle School,f,Kettle Falls Middle School - Kettle Falls
3199,Peter G Schmidt Elementary,f,Peter G Schmidt Elementary - Tumwater
3200,Alderwood Elementary School,f,Alderwood Elementary School - Bellingham
3201,Shuksan Middle School,f,Shuksan Middle School - Bellingham
3202,Parkview Elementary School,f,Parkview Elementary School - Bellingham
3203,Jefferson Elementary,f,Jefferson Elementary - Pullman
3204,Rosalia Elementary & Secondary School,f,Rosalia Elementary & Secondary School - Rosalia
3205,Oakesdale Elementary School,f,Oakesdale Elementary School - Oakesdale
3206,Eisenhower High School,f,Eisenhower High School - Yakima
3207,Summitview Elementary,f,Summitview Elementary - West Valley (Yak)
3208,Sunnyslope Elementary School,f,Sunnyslope Elementary School - Wenatchee
3209,Abraham Lincoln Elementary,f,Abraham Lincoln Elementary - Wenatchee
3210,Pioneer Middle School,f,Pioneer Middle School - Wenatchee
3211,Columbia Heights Elementary,f,Columbia Heights Elementary - Longview
3212,Kenroy Elementary,f,Kenroy Elementary - Eastmont
3213,Parke Creek Treatment Ctr,f,Parke Creek Treatment Ctr - Kittitas
3214,Kahlotus Elem & High,f,Kahlotus Elem & High - Kahlotus
3215,Moses Lake High School,f,Moses Lake High School - Moses Lake
3216,Central Park Elementary,f,Central Park Elementary - Aberdeen
3217,Elma Elementary School,f,Elma Elementary School - Elma
3218,North Beach Elementary School,f,North Beach Elementary School - Seattle
3219,Islander Middle School,f,Islander Middle School - Mercer Island
3224,Puesta del Sol Elementary School,f,Puesta del Sol Elementary School - Bellevue
3225,Lake Hills Elementary,f,Lake Hills Elementary - Bellevue
3226,Cascade View Elementary,f,Cascade View Elementary - Tukwila
3227,Pioneer Elementary School,f,Pioneer Elementary School - Auburn
3228,Sunset Elementary,f,Sunset Elementary - Issaquah
3230,Brookside Elementary,f,Brookside Elementary - Shoreline
3231,Highland Terrace Elementary,f,Highland Terrace Elementary - Shoreline
3232,Redmond Middle School,f,Redmond Middle School - Lake Washington
3233,Meridian Middle School,f,Meridian Middle School - Kent
3234,Cottage Lake Elementary,f,Cottage Lake Elementary - Northshore
3236,North Kitsap High School,f,North Kitsap High School - North Kitsap
3237,Central Kitsap Middle School,f,Central Kitsap Middle School - Central Kitsap
3238,Mossyrock Jr./Sr. High School,f,Mossyrock Jr./Sr. High School - Mossyrock
3239,Onalaska Elementary School,f,Onalaska Elementary School - Onalaska
3240,Centralia Middle School,f,Centralia Middle School - Centralia
3241,Shelton High School,f,Shelton High School - Shelton
3244,Meeker,f,Meeker - Tacoma
3246,Wilson,f,Wilson - Tacoma
3247,Sumner High School,f,Sumner High School - Sumner
3248,Hudtloff Middle School,f,Hudtloff Middle School - Clover Park
3249,Tyee Park Elementary School,f,Tyee Park Elementary School - Clover Park
3250,Bethel Middle School,f,Bethel Middle School - Bethel
3251,Lucille Umbarger Elementary,f,Lucille Umbarger Elementary - Burlington Edison
3252,Island View Elementary,f,Island View Elementary - Anacortes
3253,Evergreen Middle School,f,Evergreen Middle School - Everett
3254,Mountlake Terrace Elementary,f,Mountlake Terrace Elementary - Edmonds
3255,Lakewood Elementary School,f,Lakewood Elementary School - Lakewood
3257,Shaw Middle School,f,Shaw Middle School - Spokane
3258,Glover Middle School,f,Glover Middle School - Spokane
3259,Adams Elementary,f,Adams Elementary - Central Valley
3260,Bowdish Middle School,f,Bowdish Middle School - Central Valley
3261,Deer Park Middle School,f,Deer Park Middle School - Deer Park
3262,Lydia Hawk Elementary,f,Lydia Hawk Elementary - North Thurston
3264,Robertson Elementary,f,Robertson Elementary - Yakima
3266,Highland Elementary,f,Highland Elementary - Clarkston
3267,Highlands Middle School,f,Highlands Middle School - Kennewick
3268,CASHMERE HIGH SCHOOL,f,CASHMERE HIGH SCHOOL - Cashmere
3269,Castlerock Early Learning Center,f,Castlerock Early Learning Center - Wenatchee
3270,Cape Horn Skye Elementary,f,Cape Horn Skye Elementary - Washougal
3272,Connell High School,f,Connell High School - North Franklin
3273,Warden High School,f,Warden High School - Warden
3410,Spruce Elementary,f,Spruce Elementary - Edmonds
3274,Oak Harbor Intermediate School,f,Oak Harbor Intermediate School - Oak Harbor
3275,Chimacum Junior/Senior High School,f,Chimacum Junior/Senior High School - Chimacum
3276,Ingraham High School,f,Ingraham High School - Seattle
3277,Whitman Middle School,f,Whitman Middle School - Seattle
3278,Madrona Elementary,f,Madrona Elementary - Highline
3279,Mount Rainier High School,f,Mount Rainier High School - Highline
3280,Dimmitt Middle School,f,Dimmitt Middle School - Renton
3282,Sammamish Senior High,f,Sammamish Senior High - Bellevue
3283,Tyee Middle School,f,Tyee Middle School - Bellevue
3286,Lake Wilderness Elementary,f,Lake Wilderness Elementary - Tahoma
3287,Westhill Elementary,f,Westhill Elementary - Northshore
3288,Napavine Elementary,f,Napavine Elementary - Napavine
3289,Wilbur Secondary School,f,Wilbur Secondary School - Wilbur
3290,Wilbur Elementary School,f,Wilbur Elementary School - Wilbur
3291,Bordeaux Elementary School,f,Bordeaux Elementary School - Shelton
3292,Mountain View Elementary,f,Mountain View Elementary - Shelton
3293,Brewster Elementary School,f,Brewster Elementary School - Brewster
3294,Cowlitz County Youth Services Center,f,Cowlitz County Youth Services Center - ESD 112
3295,Naselle Jr Sr High Schools,f,Naselle Jr Sr High Schools - Naselle Grays Riv
3296,Narrows View Intermediate,f,Narrows View Intermediate - University Place
3297,Mann Middle School,f,Mann Middle School - Clover Park
3298,Hillside Elementary School,f,Hillside Elementary School - Clover Park
3299,Artondale Elementary School,f,Artondale Elementary School - Peninsula
3300,Morris Ford Middle School,f,Morris Ford Middle School - Franklin Pierce
3301,Christensen Elementary,f,Christensen Elementary - Franklin Pierce
3302,Beverly Elementary,f,Beverly Elementary - Edmonds
3303,Mountlake Terrace High School,f,Mountlake Terrace High School - Edmonds
3304,Cedar Way Elementary,f,Cedar Way Elementary - Edmonds
3305,Cathcart Elementary,f,Cathcart Elementary - Snohomish
3307,South Pines Elementary,f,South Pines Elementary - Central Valley
3309,Windsor Elementary,f,Windsor Elementary - Cheney
3310,Colville Senior High School,f,Colville Senior High School - Colville
3311,Mary Walker High School,f,Mary Walker High School - Mary Walker
3312,Whitney Elementary Yakima,f,Whitney Elementary Yakima - Yakima
3313,Harrison Middle School,f,Harrison Middle School - Sunnyside
3314,Granger High School,f,Granger High School - Granger
3315,Edison Elementary School - Kennewick,f,Edison Elementary School - Kennewick - Kennewick
3316,Prosser Heights Elementary,f,Prosser Heights Elementary - Prosser
3317,Entiat Middle and High School,f,Entiat Middle and High School - Entiat
3318,Stevens Middle School,f,Stevens Middle School - Port Angeles
3319,Hockinson Middle School,f,Hockinson Middle School - Hockinson
3320,Covington Middle School,f,Covington Middle School - Evergreen (Clark)
3321,South Ridge Elementary,f,South Ridge Elementary - Ridgefield
3322,Coweeman Middle School,f,Coweeman Middle School - Kelso
3323,Barnes Elementary,f,Barnes Elementary - Kelso
3324,Stevens Middle School,f,Stevens Middle School - Pasco
3325,Basin City Elem,f,Basin City Elem - North Franklin
3326,Cosmopolis Elementary School,f,Cosmopolis Elementary School - Cosmopolis
3327,Rainier Beach High School,f,Rainier Beach High School - Seattle
3328,Woodmont K-8 School,f,Woodmont K-8 School - Federal Way
3329,Panther Lake Elementary School,f,Panther Lake Elementary School - Federal Way
3330,Enumclaw Sr High School,f,Enumclaw Sr High School - Enumclaw
3333,Pacific Middle School,f,Pacific Middle School - Highline
3335,Parkside Elementary,f,Parkside Elementary - Highline
3337,Cascade Elementary School,f,Cascade Elementary School - Renton
3338,Chinook Middle School,f,Chinook Middle School - Bellevue
3339,Sherwood Forest Elementary,f,Sherwood Forest Elementary - Bellevue
3340,Grant Co Detention Ctr,f,Grant Co Detention Ctr - Ephrata
3341,Summit Trail Middle School,f,Summit Trail Middle School - Tahoma
3343,Shorecrest High School,f,Shorecrest High School - Shoreline
3344,Maywood Hills Elementary,f,Maywood Hills Elementary - Northshore
3345,Kenmore Middle School,f,Kenmore Middle School - Northshore
3346,Olympic Elementary,f,Olympic Elementary - Chehalis
3349,Bonney Lake Elementary,f,Bonney Lake Elementary - Sumner
3351,Lake Louise Elementary School,f,Lake Louise Elementary School - Clover Park
3352,Martin Hall Detention Ctr,f,Martin Hall Detention Ctr - ESD 101
3353,Meadowdale Middle School,f,Meadowdale Middle School - Edmonds
3355,Marysville Middle School,f,Marysville Middle School - Marysville
3356,Sacajawea Middle School,f,Sacajawea Middle School - Spokane
3357,Balboa Elementary,f,Balboa Elementary - Spokane
3360,East Valley High School,f,East Valley High School - East Valley (Spok
3361,Chinook Middle School,f,Chinook Middle School - North Thurston
3362,Tumwater High School,f,Tumwater High School - Tumwater
3363,Skagit County Detention Center,f,Skagit County Detention Center - ESD  189
3365,Harmony Elementary,f,Harmony Elementary - Mount Baker
3366,Colfax High School,f,Colfax High School - Colfax
3368,Wilson Middle School,f,Wilson Middle School - Yakima
3369,Vista Elementary School,f,Vista Elementary School - Kennewick
3370,Orchard Middle School,f,Orchard Middle School - Wenatchee
3371,La Center Middle School,f,La Center Middle School - Lacenter
3372,Eastmont Junior High,f,Eastmont Junior High - Eastmont
3373,Ephrata Middle School,f,Ephrata Middle School - Ephrata
3374,Simpson Avenue Elementary,f,Simpson Avenue Elementary - Montesano
3375,Wishkah Valley Elementary/High School,f,Wishkah Valley Elementary/High School - Wishkah Valley
3377,Crescent Harbor Elem,f,Crescent Harbor Elem - Oak Harbor
3378,Graham Hill Elementary School,f,Graham Hill Elementary School - Seattle
3380,Rainier View Elementary School,f,Rainier View Elementary School - Seattle
3381,Lakota Middle School,f,Lakota Middle School - Federal Way
3382,Seahurst Elementary School,f,Seahurst Elementary School - Highline
3385,Issaquah High School,f,Issaquah High School - Issaquah
3386,Sunny Hills Elementary,f,Sunny Hills Elementary - Issaquah
3387,Kellogg Middle School,f,Kellogg Middle School - Shoreline
3388,Covington Elementary School,f,Covington Elementary School - Kent
3389,Scenic Hill Elementary School,f,Scenic Hill Elementary School - Kent
3390,Lockwood Elementary,f,Lockwood Elementary - Northshore
3391,Suquamish Elementary School,f,Suquamish Elementary School - North Kitsap
3392,Bickleton Elementary & High Schl,f,Bickleton Elementary & High Schl - Bickleton
3393,Goldendale Middle School,f,Goldendale Middle School - Goldendale
3394,Wayne M Henkle Middle School,f,Wayne M Henkle Middle School - White Salmon
3396,Woodinville Community Center,f,Woodinville Community Center - Northshore
3397,Bryant,f,Bryant - Tacoma
3398,Mt Tahoma,f,Mt Tahoma - Tacoma
3399,Eismann Elementary,f,Eismann Elementary - Sumner
3401,Perry G Keithley Middle School,f,Perry G Keithley Middle School - Franklin Pierce
3402,Samish Elementary School,f,Samish Elementary School - Sedro Woolley
3403,Clear Lake Elementary School,f,Clear Lake Elementary School - Sedro Woolley
3404,Whitney Early Childhood Education Center,f,Whitney Early Childhood Education Center - Anacortes
3405,Skamania Elementary,f,Skamania Elementary - Skamania
3406,Mill A Elementary School,f,Mill A Elementary School - Mill A
3407,Cascade High School,f,Cascade High School - Everett
3408,Lake Stevens Middle School,f,Lake Stevens Middle School - Lake Stevens
3409,Cedar Valley Community School,f,Cedar Valley Community School - Edmonds
3412,Ferris High School,f,Ferris High School - Spokane
3413,Salk Middle School,f,Salk Middle School - Spokane
3414,Evergreen Elementary School,f,Evergreen Elementary School - Mead
3415,University High School,f,University High School - Central Valley
3416,Liberty High School,f,Liberty High School - Liberty
3417,Fisher Elementary School,f,Fisher Elementary School - Lynden
3418,Tekoa High School,f,Tekoa High School - Tekoa
3419,Lincoln Middle School,f,Lincoln Middle School - Pullman
3420,Whatcom Co Detention Ctr,f,Whatcom Co Detention Ctr - ESD  189
3421,Lind Elementary School,f,Lind Elementary School - Lind
3422,Clallam Bay High & Elementary,f,Clallam Bay High & Elementary - Cape Flattery
3423,Columbia River High,f,Columbia River High - Vancouver
3424,George C Marshall Elementary,f,George C Marshall Elementary - Vancouver
3425,Edwin Markham Elementary,f,Edwin Markham Elementary - Pasco
3426,George Elementary,f,George Elementary - Quincy
3429,Genesee Hill Elementary,f,Genesee Hill Elementary - Seattle
3430,Black Diamond Elementary,f,Black Diamond Elementary - Enumclaw
3431,Totem Middle School,f,Totem Middle School - Federal Way
3432,Olympic View Elementary School,f,Olympic View Elementary School - Federal Way
3433,West Mercer Elementary,f,West Mercer Elementary - Mercer Island
3434,Nelsen Middle School,f,Nelsen Middle School - Renton
3435,Tillicum Middle School,f,Tillicum Middle School - Bellevue
3436,Medina Elementary School,f,Medina Elementary School - Bellevue
3437,Newport Heights Elementary,f,Newport Heights Elementary - Bellevue
3439,Chinook Elementary School,f,Chinook Elementary School - Auburn
3440,Briarwood Elementary,f,Briarwood Elementary - Issaquah
3441,Twain Elementary,f,Twain Elementary - Lake Washington
3442,Moorlands Elementary,f,Moorlands Elementary - Northshore
3444,Willapa Elementary,f,Willapa Elementary - Willapa Valley
3446,Cherrydale Elementary,f,Cherrydale Elementary - Steilacoom Hist.
3447,Aylen Jr High,f,Aylen Jr High - Puyallup
3448,Truman,f,Truman - Tacoma
3449,Birney,f,Birney - Tacoma
3452,Whittier,f,Whittier - Tacoma
3453,McCarver,f,McCarver - Tacoma
3454,Beachwood Elementary School,f,Beachwood Elementary School - Clover Park
3455,Dower Elementary School,f,Dower Elementary School - Clover Park
3456,Lakes High School,f,Lakes High School - Clover Park
3457,Carter Lake Elementary School,f,Carter Lake Elementary School - Clover Park
3458,Glacier Middle School,f,Glacier Middle School - White River
3459,Mount Pleasant School,f,Mount Pleasant School - Mount Pleasant
3461,Seaview Elementary,f,Seaview Elementary - Edmonds
3463,Madrona K-8 School,f,Madrona K-8 School - Edmonds
3464,Meadowdale High School,f,Meadowdale High School - Edmonds
3465,Summit School,f,Summit School - Central Valley
3466,Riverside Middle School,f,Riverside Middle School - Riverside
3467,Wahkiakum High School,f,Wahkiakum High School - Wahkiakum
3468,Walla Walla High School,f,Walla Walla High School - Walla Walla
3469,Twin Rivers Group Home,f,Twin Rivers Group Home - Richland
3471,McFarland Middle School,f,McFarland Middle School - Othello
3472,Park Middle School,f,Park Middle School - Kennewick
3473,Crescent School,f,Crescent School - Crescent
3474,Lacamas Lake Elementary,f,Lacamas Lake Elementary - Camas
3475,Cascade Middle School,f,Cascade Middle School - Longview
3476,J M Weatherwax High School,f,J M Weatherwax High School - Aberdeen
3477,Broadview Elementary,f,Broadview Elementary - Oak Harbor
3478,Kimball Elementary School,f,Kimball Elementary School - Seattle
3479,Nathan Hale High School,f,Nathan Hale High School - Seattle
3481,Kitsap Co Detention Ctr,f,Kitsap Co Detention Ctr - ESD 114
3483,Tyee High School,f,Tyee High School - Highline
3485,Hazelwood Elementary School,f,Hazelwood Elementary School - Renton
3486,Newport Senior High School,f,Newport Senior High School - Bellevue
3488,Tukwila Elementary,f,Tukwila Elementary - Tukwila
3489,Parkwood Elementary,f,Parkwood Elementary - Shoreline
3490,Thoreau Elementary,f,Thoreau Elementary - Lake Washington
3491,Park Orchard Elementary School,f,Park Orchard Elementary School - Kent
3492,Inglemoor HS,f,Inglemoor HS - Northshore
3493,Canyon Park Middle School,f,Canyon Park Middle School - Northshore
3494,Klickitat Elem & High,f,Klickitat Elem & High - Klickitat
3496,Interagency Detention School,f,Interagency Detention School - Seattle
3497,Selkirk Jr-Sr High,f,Selkirk Jr-Sr High - Selkirk
3498,Skyline,f,Skyline - Tacoma
3499,Sumner Middle School,f,Sumner Middle School - Sumner
3500,Thomas Middle School,f,Thomas Middle School - Clover Park
3503,Lynnwood Elementary,f,Lynnwood Elementary - Edmonds
3504,Meadowdale Elementary,f,Meadowdale Elementary - Edmonds
3506,Indian Trail Elementary,f,Indian Trail Elementary - Spokane
3507,Structural Alt Confinement School,f,Structural Alt Confinement School - ESD 101
3508,Columbia High And Elementary,f,Columbia High And Elementary - Columbia (Stev)
3509,Tenino High School,f,Tenino High School - Tenino
3510,Garrison Middle School,f,Garrison Middle School - Walla Walla
3511,Richland High School,f,Richland High School - Richland
3513,Yale Elementary,f,Yale Elementary - Woodland
3515,Robert Frost Elementary,f,Robert Frost Elementary - Pasco
3516,Royal High School,f,Royal High School - Royal
3517,McClure Middle School,f,McClure Middle School - Seattle
3518,Fairmount Park Elementary School,f,Fairmount Park Elementary School - Seattle
3519,Adelaide Elementary School,f,Adelaide Elementary School - Federal Way
3521,Renton Park Elementary School,f,Renton Park Elementary School - Renton
3522,International School,f,International School - Bellevue
3524,Cedarcrest High School,f,Cedarcrest High School - Riverview
3525,Lea Hill Elementary School,f,Lea Hill Elementary School - Auburn
3526,Spokane Juvenile Detention School,f,Spokane Juvenile Detention School - ESD 101
3527,Melvin G Syre Elementary,f,Melvin G Syre Elementary - Shoreline
3528,Redmond High,f,Redmond High - Lake Washington
3529,Mann Elementary,f,Mann Elementary - Lake Washington
3530,Roosevelt Elementary School,f,Roosevelt Elementary School - Roosevelt
3531,Long Beach Elementary School,f,Long Beach Elementary School - Ocean Beach
3532,Elmhurst Elementary School,f,Elmhurst Elementary School - Franklin Pierce
3533,Jefferson Elementary,f,Jefferson Elementary - Everett
3534,Chase Lake Elementary,f,Chase Lake Elementary - Edmonds
3536,Brier Elementary,f,Brier Elementary - Edmonds
3537,Sunnyside Elementary,f,Sunnyside Elementary - Marysville
3538,Centennial Middle School,f,Centennial Middle School - West Valley (Spok
3539,Lakes Elementary School,f,Lakes Elementary School - North Thurston
3540,Leland P Brown Elementary,f,Leland P Brown Elementary - Olympia
3541,John Sager Middle School,f,John Sager Middle School - College Place
3543,Jason Lee Middle School,f,Jason Lee Middle School - Vancouver
3545,Laurin Middle School,f,Laurin Middle School - Battle Ground
3546,Woodland High School,f,Woodland High School - Woodland
3547,Camelot Elementary School,f,Camelot Elementary School - Federal Way
3548,Audubon Elementary,f,Audubon Elementary - Lake Washington
3549,Ready Start Preschool,f,Ready Start Preschool - Lake Washington
3550,Lake Youngs Elementary School,f,Lake Youngs Elementary School - Kent
4495,Skyline High School,f,Skyline High School - Issaquah
3552,Capt Johnston Blakely Elem Sch,f,Capt Johnston Blakely Elem Sch - Bainbridge
3553,Raisbeck Aviation High School,f,Raisbeck Aviation High School - Highline
3554,Easton School,f,Easton School - Easton
3555,White Pass Elementary School,f,White Pass Elementary School - White Pass
3556,Vancouver Home Connection,f,Vancouver Home Connection - Vancouver
3557,Fruitland Elementary,f,Fruitland Elementary - Puyallup
3558,Wildwood Elementary,f,Wildwood Elementary - Puyallup
3559,Republic Junior High,f,Republic Junior High - Republic
3560,Alderwood Middle School,f,Alderwood Middle School - Edmonds
3561,Riverview Elementary,f,Riverview Elementary - Snohomish
3562,Colbert Elementary School,f,Colbert Elementary School - Mead
3564,Cascade High School,f,Cascade High School - Cascade
3565,Washington Elementary,f,Washington Elementary - Vancouver
3566,Olympic View Elem,f,Olympic View Elem - Oak Harbor
3567,Sunnycrest Elementary School,f,Sunnycrest Elementary School - Federal Way
3568,Lake Grove Elementary School,f,Lake Grove Elementary School - Federal Way
3569,Echo Glen School,f,Echo Glen School - Issaquah
3572,Mt View Elementary,f,Mt View Elementary - Puyallup
3573,Greenacres Middle School,f,Greenacres Middle School - Central Valley
3574,Prescott Elementary School,f,Prescott Elementary School - Prescott
3575,Prescott Jr Sr High,f,Prescott Jr Sr High - Prescott
3576,Sehome High School,f,Sehome High School - Bellingham
3578,Beacon Hill Elementary,f,Beacon Hill Elementary - Kelso
3579,Republic Senior High School,f,Republic Senior High School - Republic
3580,Taholah High School,f,Taholah High School - Taholah
3581,Wing Luke Elementary School,f,Wing Luke Elementary School - Seattle
3582,Valhalla Elementary School,f,Valhalla Elementary School - Federal Way
3583,Wildwood Elementary School,f,Wildwood Elementary School - Federal Way
3584,Thomas Jefferson High School,f,Thomas Jefferson High School - Federal Way
3585,Westwood Elementary School,f,Westwood Elementary School - Enumclaw
3586,Maplewood Heights Elementary School,f,Maplewood Heights Elementary School - Renton
3587,Benson Hill Elementary School,f,Benson Hill Elementary School - Renton
3588,Interlake Senior High School,f,Interlake Senior High School - Bellevue
3589,Shadow Lake Elementary,f,Shadow Lake Elementary - Tahoma
3590,Finn Hill Middle School,f,Finn Hill Middle School - Lake Washington
3591,Franklin Elementary,f,Franklin Elementary - Lake Washington
3592,Bell Elementary,f,Bell Elementary - Lake Washington
3593,Pine Tree Elementary School,f,Pine Tree Elementary School - Kent
3594,John D. Bud Hawk Elementary at Jackson Park,f,John D. Bud Hawk Elementary at Jackson Park - Central Kitsap
3596,Mt. Stuart Elementary,f,Mt. Stuart Elementary - Ellensburg
3597,Winlock Senior High,f,Winlock Senior High - Winlock
3598,Garrett Heyns High School,f,Garrett Heyns High School - Centralia College
3600,Curtis Senior High,f,Curtis Senior High - University Place
3601,Sunset Primary,f,Sunset Primary - University Place
3602,Lochburn Middle School,f,Lochburn Middle School - Clover Park
3603,Allen Elementary,f,Allen Elementary - Burlington Edison
3605,Sherwood Elementary,f,Sherwood Elementary - Edmonds
3606,Edmonds Elementary,f,Edmonds Elementary - Edmonds
3607,Hazelwood Elementary,f,Hazelwood Elementary - Edmonds
3608,Oak Heights Elementary,f,Oak Heights Elementary - Edmonds
3609,Darrington Elementary School,f,Darrington Elementary School - Darrington
3610,Cheney High School,f,Cheney High School - Cheney
3611,Nisqually Middle School,f,Nisqually Middle School - North Thurston
3612,Tumwater Middle School,f,Tumwater Middle School - Tumwater
3613,Columbia Elementary,f,Columbia Elementary - Columbia (Walla)
3614,Sunnyside Elementary,f,Sunnyside Elementary - Pullman
3615,Lewis & Clark Middle School,f,Lewis & Clark Middle School - Yakima
3616,Special Services,f,Special Services - Clarkston
3618,Marrion Elementary School,f,Marrion Elementary School - Evergreen (Clark)
3620,Royal Middle School,f,Royal Middle School - Royal
3621,Lincoln Elementary,f,Lincoln Elementary - Hoquiam
3622,Hoquiam High School,f,Hoquiam High School - Hoquiam
3625,Nautilus K-8 School,f,Nautilus K-8 School - Federal Way
3626,Sacajawea Middle School,f,Sacajawea Middle School - Federal Way
3627,Mark Twain Elementary School,f,Mark Twain Elementary School - Federal Way
3628,Twin Lakes Elementary School,f,Twin Lakes Elementary School - Federal Way
3630,Hazen Senior High School,f,Hazen Senior High School - Renton
3631,Odle Middle School,f,Odle Middle School - Bellevue
3633,Ardmore Elementary School,f,Ardmore Elementary School - Bellevue
3634,Spiritridge Elementary School,f,Spiritridge Elementary School - Bellevue
3635,Thorndyke Elementary,f,Thorndyke Elementary - Tukwila
3636,Maywood Middle School,f,Maywood Middle School - Issaquah
3637,Maple Hills Elementary,f,Maple Hills Elementary - Issaquah
3640,Kentridge High School,f,Kentridge High School - Kent
3641,Armin Jahr Elementary,f,Armin Jahr Elementary - Bremerton
3643,Lyle Middle School,f,Lyle Middle School - Lyle
3645,Rogers High School,f,Rogers High School - Puyallup
3648,Washington High School,f,Washington High School - Franklin Pierce
3649,Chester H Thompson Elementary,f,Chester H Thompson Elementary - Bethel
3650,Brier Terrace Middle School,f,Brier Terrace Middle School - Edmonds
3651,Pinewood Elementary,f,Pinewood Elementary - Marysville
3653,Lacey Elementary,f,Lacey Elementary - North Thurston
3658,Mint Valley Elementary,f,Mint Valley Elementary - Longview
3659,Cascade Elementary,f,Cascade Elementary - Eastmont
3661,Beacon Avenue Elementary School,f,Beacon Avenue Elementary School - Montesano
3662,Special Education,f,Special Education - Oak Harbor
3664,Coupeville Elementary School,f,Coupeville Elementary School - Coupeville
3665,Sanislo Elementary School,f,Sanislo Elementary School - Seattle
3667,McMurray Middle School,f,McMurray Middle School - Vashon Island
3668,Sierra Heights Elementary School,f,Sierra Heights Elementary School - Renton
3669,Gildo Rey Elementary School,f,Gildo Rey Elementary School - Auburn
3673,Issaquah Valley Elementary,f,Issaquah Valley Elementary - Issaquah
3674,Albert Einstein Middle School,f,Albert Einstein Middle School - Shoreline
3675,Frost Elementary,f,Frost Elementary - Lake Washington
3676,Cedar Valley Elementary School,f,Cedar Valley Elementary School - Kent
3677,Springbrook Elementary School,f,Springbrook Elementary School - Kent
3678,Fairwood Elementary School,f,Fairwood Elementary School - Kent
3679,Shelton View Elementary,f,Shelton View Elementary - Northshore
3680,Cedar Heights Middle School,f,Cedar Heights Middle School - South Kitsap
3683,Lake Tapps Elementary,f,Lake Tapps Elementary - Dieringer
3685,Purdy Elementary School,f,Purdy Elementary School - Peninsula
3686,Monroe Elementary,f,Monroe Elementary - Everett
3687,Serene Lake Elementary,f,Serene Lake Elementary - Mukilteo
3688,Mariner High School,f,Mariner High School - Mukilteo
3689,Hilltop Elementary,f,Hilltop Elementary - Edmonds
3691,College Place Elementary,f,College Place Elementary - Edmonds
3693,Brentwood Elementary School,f,Brentwood Elementary School - Mead
3696,Reeves Middle School,f,Reeves Middle School - Olympia
3697,Pioneer Elementary School,f,Pioneer Elementary School - Olympia
3699,Apple Valley Elementary,f,Apple Valley Elementary - West Valley (Yak)
3700,Brigadoon Elementary School,f,Brigadoon Elementary School - Federal Way
3701,Kilo Middle School,f,Kilo Middle School - Federal Way
3702,Tiffany Park Elementary School,f,Tiffany Park Elementary School - Renton
3703,Rush Elementary,f,Rush Elementary - Lake Washington
3704,Keller Elementary,f,Keller Elementary - Lake Washington
3705,Bennett Elementary School,f,Bennett Elementary School - Bellevue
3706,Rose Hill Middle School,f,Rose Hill Middle School - Lake Washington
3707,Soos Creek Elementary School,f,Soos Creek Elementary School - Kent
3708,Grass Lake Elementary School,f,Grass Lake Elementary School - Kent
3709,Olympic View Elementary,f,Olympic View Elementary - North Thurston
3710,Timberline High School,f,Timberline High School - North Thurston
3711,Washington Middle School,f,Washington Middle School - Olympia
3714,Lowell Elementary School,f,Lowell Elementary School - Seattle
3717,B F Day Elementary School,f,B F Day Elementary School - Seattle
3718,Longfellow Elementary,f,Longfellow Elementary - Spokane
3719,Logan Elementary,f,Logan Elementary - Spokane
3723,Orchard Prairie Elementary,f,Orchard Prairie Elementary - Orchard Prairie
3725,Shaw Island Elementary School,f,Shaw Island Elementary School - Shaw
3727,Garfield Elementary,f,Garfield Elementary - Spokane
3728,Sharpstein Elementary School,f,Sharpstein Elementary School - Walla Walla
3729,Grant Elementary,f,Grant Elementary - Spokane
3730,Scootney Springs Elementary,f,Scootney Springs Elementary - Othello
3731,Kamiakin High School,f,Kamiakin High School - Kennewick
3732,Sacajawea Elementary,f,Sacajawea Elementary - Richland
3733,Dwight D Eisenhower Elementary,f,Dwight D Eisenhower Elementary - Vancouver
3734,Martin Luther King Elementary,f,Martin Luther King Elementary - Vancouver
3735,Harry S Truman Elementary School,f,Harry S Truman Elementary School - Vancouver
3736,Burton Elementary School,f,Burton Elementary School - Evergreen (Clark)
3737,Forks Elementary School,f,Forks Elementary School - Quillayute Valley
3738,Lake Dolloff Elementary School,f,Lake Dolloff Elementary School - Federal Way
3739,Southwood Elementary School,f,Southwood Elementary School - Enumclaw
3740,Talbot Hill Elementary School,f,Talbot Hill Elementary School - Renton
3741,Lindbergh Senior High School,f,Lindbergh Senior High School - Renton
3742,Cherry Crest Elementary School,f,Cherry Crest Elementary School - Bellevue
3745,Evergreen Heights Elementary,f,Evergreen Heights Elementary - Auburn
3746,Apollo Elementary,f,Apollo Elementary - Issaquah
3747,Sandburg Elementary,f,Sandburg Elementary - Lake Washington
3748,Muir Elementary,f,Muir Elementary - Lake Washington
3749,Woodin Elementary,f,Woodin Elementary - Northshore
3750,Ballou Jr High,f,Ballou Jr High - Puyallup
3751,Spanaway Middle School,f,Spanaway Middle School - Bethel
3752,Eisenhower Middle School,f,Eisenhower Middle School - Everett
3753,Sunnycrest Elementary School,f,Sunnycrest Elementary School - Lake Stevens
3754,College Place Middle School,f,College Place Middle School - Edmonds
3755,Lynnwood High School,f,Lynnwood High School - Edmonds
3758,Garry Middle School,f,Garry Middle School - Spokane
3759,Farwell Elementary School,f,Farwell Elementary School - Mead
3761,Salnave Elementary,f,Salnave Elementary - Cheney
3762,Vista Middle School,f,Vista Middle School - Ferndale
3763,Oakbrook Elementary School,f,Oakbrook Elementary School - Clover Park
3764,Meeker Middle School,f,Meeker Middle School - Kent
3766,Decatur High School,f,Decatur High School - Federal Way
3771,Juanita High,f,Juanita High - Lake Washington
3774,Aki Kurose Middle School,f,Aki Kurose Middle School - Seattle
3778,South Lake High School,f,South Lake High School - Seattle
3779,North Elementary,f,North Elementary - Moses Lake
3785,Cascade Middle School,f,Cascade Middle School - Evergreen (Clark)
3786,Union Ridge Elementary,f,Union Ridge Elementary - Ridgefield
3787,Ocean Shores Elementary,f,Ocean Shores Elementary - North Beach
3788,North Beach Junior High School,f,North Beach Junior High School - North Beach
3789,Somerset Elementary School,f,Somerset Elementary School - Bellevue
3790,Leota Middle School,f,Leota Middle School - Northshore
3791,Fairview Middle School,f,Fairview Middle School - Central Kitsap
3792,Chambers Elementary,f,Chambers Elementary - University Place
3794,Freeman Elementary School,f,Freeman Elementary School - Freeman
3795,Tenino Middle School,f,Tenino Middle School - Tenino
3796,Blaine Middle School,f,Blaine Middle School - Blaine
3798,Surprise Lake Middle School,f,Surprise Lake Middle School - Fife
3799,Washington State School for the Blind,f,Washington State School for the Blind - Office of the Governor (Sch for Blind)
3800,Wind River Middle School,f,Wind River Middle School - WA State Center for Childhood Deafness and Hearing Loss
3801,Grand Mound Elementary,f,Grand Mound Elementary - Rochester
3803,Dearborn Park International School,f,Dearborn Park International School - Seattle
3808,Waldron Island School,f,Waldron Island School - Orcas
3811,Secondary Academy for Success,f,Secondary Academy for Success - Northshore
3817,Martin Luther King Jr Elementary,f,Martin Luther King Jr Elementary - Yakima
3818,Maplewood Center,f,Maplewood Center - Edmonds
3819,Excelsior Youth Center School,f,Excelsior Youth Center School - Spokane
3821,La Venture Middle School,f,La Venture Middle School - Mt Vernon
3822,Crestline Elementary School,f,Crestline Elementary School - Evergreen (Clark)
3823,Silver Star Elementary School,f,Silver Star Elementary School - Evergreen (Clark)
3825,Alpac Elementary School,f,Alpac Elementary School - Auburn
3827,Saltars Point Elementary,f,Saltars Point Elementary - Steilacoom Hist.
3829,Mount Vernon Special Ed,f,Mount Vernon Special Ed - Mt Vernon
3831,Colville Junior High School,f,Colville Junior High School - Colville
3833,Hanford High School,f,Hanford High School - Richland
3848,Southworth Elementary,f,Southworth Elementary - Yelm
3851,Northwood Middle School,f,Northwood Middle School - Mead
3854,Scriber Lake High School,f,Scriber Lake High School - Edmonds
3855,Emerson High School,f,Emerson High School - Lake Washington
3856,Community School,f,Community School - Lake Washington
3857,Harbor High School,f,Harbor High School - Aberdeen
3861,Holden Village Community School,f,Holden Village Community School - Lake Chelan
3868,Nova High School,f,Nova High School - Seattle
3874,Licton Springs K-8,f,Licton Springs K-8 - Seattle
3879,Pine Lake Middle School,f,Pine Lake Middle School - Issaquah
3880,Foss,f,Foss - Tacoma
3883,Morgan Center School,f,Morgan Center School - Bremerton
3890,Evergreen Middle School,f,Evergreen Middle School - Central Valley
3891,View Ridge Middle School,f,View Ridge Middle School - Ridgefield
3893,Lakewood Middle School,f,Lakewood Middle School - Lakewood
3894,Springdale Middle School,f,Springdale Middle School - Mary Walker
3896,Sunrise Elementary,f,Sunrise Elementary - Puyallup
3898,Illahee Middle School,f,Illahee Middle School - Federal Way
3899,Discovery,f,Discovery - South Kitsap
3900,La Conner Middle,f,La Conner Middle - La Conner
3902,Gaiser Middle School,f,Gaiser Middle School - Vancouver
3903,Special Services,f,Special Services - Everett
3909,Warden Middle School,f,Warden Middle School - Warden
3910,Oak Grove,f,Oak Grove - Clover Park
3912,New Horizons High School,f,New Horizons High School - Pasco
3913,Longview School District Special Services,f,Longview School District Special Services - Longview
3918,Mica Peak High School,f,Mica Peak High School - Central Valley
3921,Shorewood High School,f,Shorewood High School - Shoreline
3922,Kamiakin Middle School,f,Kamiakin Middle School - Lake Washington
3925,Thurs Co Juv Det/Tumwater West E,f,Thurs Co Juv Det/Tumwater West E - Tumwater
3926,Enterprise Middle School,f,Enterprise Middle School - Richland
3927,Northwood Elementary,f,Northwood Elementary - Puyallup
3929,Chester Elementary School,f,Chester Elementary School - Central Valley
3930,Meridian Middle School,f,Meridian Middle School - Meridian
3932,Lewis and Clark High School,f,Lewis and Clark High School - Vancouver
3936,Alternative High School,f,Alternative High School - Central Kitsap
3937,Maple View Middle School,f,Maple View Middle School - Tahoma
3939,North Whidbey Middle School,f,North Whidbey Middle School - Oak Harbor
3941,Kirk Elementary,f,Kirk Elementary - Lake Washington
3942,Evergreen Elementary School,f,Evergreen Elementary School - Sedro Woolley
3951,PSD Special Services,f,PSD Special Services - Puyallup
3958,Meridian Park Elementary School,f,Meridian Park Elementary School - Shoreline
3960,Capital High School,f,Capital High School - Olympia
3961,Kiona-Benton City Middle School,f,Kiona-Benton City Middle School - Kiona Benton
3962,Liberty Sr High School,f,Liberty Sr High School - Issaquah
3964,Liberty Elementary,f,Liberty Elementary - Marysville
3965,Medical Lake Middle School,f,Medical Lake Middle School - Medical Lake
3968,Sadie Halstead Middle School,f,Sadie Halstead Middle School - Newport
3969,Castle Rock Middle School,f,Castle Rock Middle School - Castle Rock
3970,Sunset Elementary School,f,Sunset Elementary School - Evergreen (Clark)
3971,Fircrest Elementary School,f,Fircrest Elementary School - Evergreen (Clark)
3972,Walker High School,f,Walker High School - Puyallup
3974,Thornton Creek Elementary School,f,Thornton Creek Elementary School - Seattle
3977,Toledo Middle School,f,Toledo Middle School - Toledo
3981,High School Re Entry,f,High School Re Entry - Snohomish
3994,Image Elementary School,f,Image Elementary School - Evergreen (Clark)
3995,Riverview Elementary School,f,Riverview Elementary School - Evergreen (Clark)
3996,Pleasant Valley Primary,f,Pleasant Valley Primary - Battle Ground
3997,Pleasant Valley Middle,f,Pleasant Valley Middle - Battle Ground
4000,Chief Kamiakin Elementary School,f,Chief Kamiakin Elementary School - Sunnyside
4003,Lincoln High School,f,Lincoln High School - Port Angeles
4004,Coupeville Middle School,f,Coupeville Middle School - Coupeville
4007,Benton/Franklin Juvenile Justice Center,f,Benton/Franklin Juvenile Justice Center - Kennewick
4011,Dayton Middle School,f,Dayton Middle School - Dayton
4013,Little Mountain Elementary,f,Little Mountain Elementary - Mt Vernon
4014,Cottonwood Elementary School,f,Cottonwood Elementary School - Central Kitsap
4015,Esquire Hills Elementary,f,Esquire Hills Elementary - Central Kitsap
4016,Clear Creek Elementary School,f,Clear Creek Elementary School - Central Kitsap
4017,Canyon Creek Elementary,f,Canyon Creek Elementary - Northshore
4018,Dickinson Elementary,f,Dickinson Elementary - Lake Washington
4019,Sno-Isle Skills Center,f,Sno-Isle Skills Center  - Mukilteo
4020,Yakima Valley Technical Skills Center,f,Yakima Valley Technical Skills Center - Yakima
4021,Northshore Middle School,f,Northshore Middle School - Northshore
4022,Pace Alternative High School,f,Pace Alternative High School - Wapato
4028,Desert Hills Middle School,f,Desert Hills Middle School - Kennewick
4029,Burley Glenwood Elementary,f,Burley Glenwood Elementary - South Kitsap
4031,Finley Middle School,f,Finley Middle School - Finley
4033,Riverside Elementary,f,Riverside Elementary - Riverside
4034,Sacajawea Elementary School,f,Sacajawea Elementary School - Vancouver
4035,Mullan Road Elementary,f,Mullan Road Elementary - Spokane
4036,Lake Spokane Elementary,f,Lake Spokane Elementary - Nine Mile Falls
4038,West Sound Technical Skills Center,f,West Sound Technical Skills Center - Bremerton
4039,Ocean Park Elementary,f,Ocean Park Elementary - Ocean Beach
4040,West Valley Jr High,f,West Valley Jr High - West Valley (Yak)
4041,Ruth Livingston Elementary,f,Ruth Livingston Elementary - Pasco
4042,Legacy High School,f,Legacy High School - Evergreen (Clark)
4049,Columbia High School,f,Columbia High School - Columbia (Walla)
4051,Wyeast Middle School,f,Wyeast Middle School - Evergreen (Clark)
4055,East Valley Central Middle School,f,East Valley Central Middle School - East Valley (Yak)
4058,Evergreen Forest Elementary,f,Evergreen Forest Elementary - North Thurston
4059,Tapteal Elementary School,f,Tapteal Elementary School - Richland
4060,Badger Mountain Elementary,f,Badger Mountain Elementary - Richland
4062,Ordway Elementary,f,Ordway Elementary - Bainbridge
4063,Gates Secondary School,f,Gates Secondary School - Franklin Pierce
4064,Washington Middle School,f,Washington Middle School - Seattle
4065,Orca K-8 School,f,Orca K-8 School - Seattle
4069,Wellington Elementary,f,Wellington Elementary - Northshore
4071,Lincoln High School,f,Lincoln High School - Walla Walla
4072,Canyon View Elementary School,f,Canyon View Elementary School - Kennewick
4073,Southgate Elementary School,f,Southgate Elementary School - Kennewick
4075,Felida Elementary School,f,Felida Elementary School - Vancouver
4079,Manchester Elementary School,f,Manchester Elementary School - South Kitsap
4080,Discovery Elementary School,f,Discovery Elementary School - Peninsula
4081,Gig Harbor High,f,Gig Harbor High - Peninsula
4092,Juvenile Detention Center,f,Juvenile Detention Center - Yakima
4093,Stanton Academy,f,Stanton Academy - Yakima
4095,Sterling School,f,Sterling School - Eastmont
4096,Mead Elementary,f,Mead Elementary - Lake Washington
4097,East Farms STEAM School,f,East Farms STEAM School - East Valley (Spok
4098,Ponderosa Elementary,f,Ponderosa Elementary - Central Valley
4099,Evergreen Elementary,f,Evergreen Elementary - Bethel
4100,Olympic High School,f,Olympic High School - Central Kitsap
4101,Silverdale Elementary,f,Silverdale Elementary - Central Kitsap
4102,Naches Trail Elementary,f,Naches Trail Elementary - Bethel
4103,Shining Mountain Elementary,f,Shining Mountain Elementary - Bethel
4104,Prairie High School,f,Prairie High School - Battle Ground
4105,Wenatchee Valley Technical Skills Center,f,Wenatchee Valley Technical Skills Center - Wenatchee
4106,Kirkwood Elementary School,f,Kirkwood Elementary School - Toppenish
4107,Lopez Elementary School,f,Lopez Elementary School - Lopez
4108,Preschool Infant Other,f,Preschool Infant Other - Battle Ground
4109,Oakland High School,f,Oakland High School - Tacoma
4110,Chief Leschi Schools,f,Chief Leschi Schools - Puyallup
4113,Granite Falls Middle School,f,Granite Falls Middle School - Granite Falls
4118,Tri-Tech Skills Center,f,Tri-Tech Skills Center - Kennewick
4120,Lake View Elementary School,f,Lake View Elementary School - Auburn
4121,Ridgecrest Elementary,f,Ridgecrest Elementary - Puyallup
4122,Woodland Elementary,f,Woodland Elementary - North Thurston
4123,Deer Park High School,f,Deer Park High School - Deer Park
4124,Hollywood Hill Elementary,f,Hollywood Hill Elementary - Northshore
4125,Woodside Elementary,f,Woodside Elementary - Everett
4126,Crestwood Elementary School,f,Crestwood Elementary School - Kent
4127,Mattson Middle School,f,Mattson Middle School - Kent
4128,Kentwood High School,f,Kentwood High School - Kent
4130,Skyline Elementary School,f,Skyline Elementary School - Ferndale
4131,Steilacoom High,f,Steilacoom High - Steilacoom Hist.
4132,Lakeridge Middle School,f,Lakeridge Middle School - Sumner
4133,Midway Elementary,f,Midway Elementary - Mead
4134,Shiloh Hills Elementary,f,Shiloh Hills Elementary - Mead
4496,Zeiger Elementary,f,Zeiger Elementary - Puyallup
4135,Woodlands Elementary,f,Woodlands Elementary - Central Kitsap
4136,Sunset View Elementary School,f,Sunset View Elementary School - Kennewick
5545,Kalama High School,f,Kalama High School - Kalama
4137,Sequoia High School,f,Sequoia High School - Everett
4139,North Lake Middle School,f,North Lake Middle School - Lake Stevens
4140,Prove High School,f,Prove High School - Lake Stevens
4141,Sunnyslope Elementary School,f,Sunnyslope Elementary School - South Kitsap
4142,John Sedgwick Middle School,f,John Sedgwick Middle School - South Kitsap
4144,Maple Grove Primary,f,Maple Grove Primary - Battle Ground
4145,Valley View Middle School,f,Valley View Middle School - Snohomish
4146,Pope Elementary,f,Pope Elementary - Puyallup
4147,Rockwell Elementary,f,Rockwell Elementary - Lake Washington
4148,Evergreen Middle School,f,Evergreen Middle School - Lake Washington
4149,South Whidbey High School,f,South Whidbey High School - South Whidbey
4150,Marshall Elementary,f,Marshall Elementary - Marysville
4154,Presidents Elementary,f,Presidents Elementary - Arlington
4155,James McGee Elementary,f,James McGee Elementary - Pasco
4156,Key Peninsula Middle School,f,Key Peninsula Middle School - Peninsula
4158,Spanaway Lake High School,f,Spanaway Lake High School - Bethel
4159,Salem Woods Elementary School,f,Salem Woods Elementary School - Monroe
4160,Sunrise Elementary,f,Sunrise Elementary - Central Valley
4162,Mountain View High School,f,Mountain View High School - Evergreen (Clark)
4163,Hearthwood Elementary School,f,Hearthwood Elementary School - Evergreen (Clark)
4164,Mukilteo Elementary,f,Mukilteo Elementary - Mukilteo
4165,Picnic Point Elementary,f,Picnic Point Elementary - Mukilteo
4166,Victor Falls Elementary,f,Victor Falls Elementary - Sumner
4167,Northstar Middle School,f,Northstar Middle School - Lake Washington
4170,Wilkeson Elementary School,f,Wilkeson Elementary School - White River
4175,North Olympic Peninsula Skills Center,f,North Olympic Peninsula Skills Center - Port Angeles
4178,Decatur Elementary,f,Decatur Elementary - Lopez
4180,Fort Colville Elementary,f,Fort Colville Elementary - Colville
4181,Lincoln Elementary School,f,Lincoln Elementary School - Kennewick
4182,Dorothy Fox,f,Dorothy Fox - Camas
4183,Ferrucci Jr High,f,Ferrucci Jr High - Puyallup
4184,Seattle Hill Elementary,f,Seattle Hill Elementary - Snohomish
4185,Horizon Middle School,f,Horizon Middle School - Central Valley
4186,Cedarcrest Middle School,f,Cedarcrest Middle School - Bethel
4187,Sunrise Elementary,f,Sunrise Elementary - Northshore
4189,Minter Creek Elementary,f,Minter Creek Elementary - Peninsula
4191,Spokane Area Professional-Technical Skills Center,f,Spokane Area Professional-Technical Skills Center  - Spokane
4192,Woodridge Elementary,f,Woodridge Elementary - Spokane
4193,Blue Ridge Elementary,f,Blue Ridge Elementary - Walla Walla
4196,Tonasket Middle School,f,Tonasket Middle School - Tonasket
4201,Lynden High School,f,Lynden High School - Lynden
4202,Cascade Elementary School,f,Cascade Elementary School - Kennewick
4203,Cascadia Technical Academy Skills Center,f,Cascadia Technical Academy Skills Center - Evergreen (Clark)
4204,Lakewood High School,f,Lakewood High School - Lakewood
4205,Black Lake Elementary,f,Black Lake Elementary - Tumwater
4206,Kettle Falls High School,f,Kettle Falls High School - Kettle Falls
4207,Jemtegaard Middle School,f,Jemtegaard Middle School - Washougal
4208,Woodinville HS,f,Woodinville HS - Northshore
4209,Pacific Middle School,f,Pacific Middle School - Evergreen (Clark)
4210,Enumclaw Middle School,f,Enumclaw Middle School - Enumclaw
4213,Bridgeport Middle School,f,Bridgeport Middle School - Bridgeport
4214,Inchelium Middle School,f,Inchelium Middle School - Inchelium
4215,Inchelium Elementary School,f,Inchelium Elementary School - Inchelium
4218,South Shore PK-8 School,f,South Shore PK-8 School - Seattle
4219,Kopachuck Middle School,f,Kopachuck Middle School - Peninsula
4220,Ilwaco High School,f,Ilwaco High School - Ocean Beach
4221,Zillah Intermediate School,f,Zillah Intermediate School - Zillah
4222,Morris Schott Elementary,f,Morris Schott Elementary - Wahluke
4223,Brewster Middle School,f,Brewster Middle School - Brewster
4224,Yelm Prairie Elementary,f,Yelm Prairie Elementary - Yelm
4225,New Market Skills Center,f,New Market Skills Center - Tumwater
4226,Liberty Jr High & Elementary,f,Liberty Jr High & Elementary - Liberty
4227,Rocky Ridge Elementary,f,Rocky Ridge Elementary - Bethel
4228,Riverside High School,f,Riverside High School - Riverside
4229,Beezley Springs Elementary,f,Beezley Springs Elementary - Ephrata
4230,Eatonville Middle School,f,Eatonville Middle School - Eatonville
4231,Explorer Middle School,f,Explorer Middle School - Mukilteo
4232,Wellpinit Middle School,f,Wellpinit Middle School - Wellpinit
4233,Marysville Mountain View High School,f,Marysville Mountain View High School - Marysville
4237,Omak Middle School,f,Omak Middle School - Omak
4238,Tenino Elementary School,f,Tenino Elementary School - Tenino
4241,Dutch Hill Elementary,f,Dutch Hill Elementary - Snohomish
4245,Elma Middle School,f,Elma Middle School - Elma
4246,Washington State School for the Deaf,f,Washington State School for the Deaf - WA State Deaf
4247,ACES High School,f,ACES High School - Mukilteo
4248,Hawthorne Elementary School - Seattle,f,Hawthorne Elementary School - Seattle - Seattle
4249,Ridgetop Middle School,f,Ridgetop Middle School - Central Kitsap
4250,Emerald Hills Elementary,f,Emerald Hills Elementary - Sumner
4254,Wahluke High School,f,Wahluke High School - Wahluke
4255,Meadows Elementary,f,Meadows Elementary - North Thurston
4256,Alcott Elementary,f,Alcott Elementary - Lake Washington
4260,Chelan High School,f,Chelan High School - Lake Chelan
4261,Chimacum Middle School,f,Chimacum Middle School - Chimacum
4262,Orting Middle School,f,Orting Middle School - Orting
4263,Residential Consortium,f,Residential Consortium - Seattle
4264,Toutle Lake Elementary,f,Toutle Lake Elementary - Toutle Lake
4265,AIM High School,f,AIM High School - Snohomish
4267,Grays Harbor Juvenile Detention,f,Grays Harbor Juvenile Detention - Aberdeen
4271,Pleasant Glade Elementary,f,Pleasant Glade Elementary - North Thurston
4272,Selah Academy Online,f,Selah Academy Online - Selah
4274,Sultan Senior High School,f,Sultan Senior High School - Sultan
4277,Hutch School,f,Hutch School - Seattle
4278,Paschal Sherman,f,Paschal Sherman - Omak
4279,Highlands High School,f,Highlands High School - Omak
4283,Pearl Street Center,f,Pearl Street Center - Tacoma
4286,Sacred Heart Hospital,f,Sacred Heart Hospital - Spokane
4287,Weston High School,f,Weston High School - Arlington
4288,Choice Middle and High School,f,Choice Middle and High School - Shelton
4289,Sunrise Elementary,f,Sunrise Elementary - Enumclaw
4293,Ridgewood Elementary School,f,Ridgewood Elementary School - Kent
4294,Martin Sortun Elementary School,f,Martin Sortun Elementary School - Kent
4295,Rivers Edge High School,f,Rivers Edge High School - Richland
4296,Camas Prairie Elementary,f,Camas Prairie Elementary - Bethel
4297,Graham Elementary,f,Graham Elementary - Bethel
4298,Silver Firs Elementary,f,Silver Firs Elementary - Everett
4299,Burnt Bridge Creek Elementary Sch,f,Burnt Bridge Creek Elementary Sch - Evergreen (Clark)
4300,Challenger Elementary,f,Challenger Elementary - Issaquah
4301,Jenkins Creek Elementary School,f,Jenkins Creek Elementary School - Kent
4302,Smith Elementary,f,Smith Elementary - Lake Washington
4303,Challenger Elementary,f,Challenger Elementary - Mukilteo
4304,Discovery Elementary,f,Discovery Elementary - Mukilteo
4305,Bear Creek Elementary,f,Bear Creek Elementary - Northshore
4306,Fernwood Elementary,f,Fernwood Elementary - Northshore
4307,Voyager Elementary,f,Voyager Elementary - Peninsula
4308,Edwin R Opstad Elementary,f,Edwin R Opstad Elementary - Snoqualmie Valley
4309,Foothills Elementary,f,Foothills Elementary - White River
4311,Chehalis Middle School,f,Chehalis Middle School - Chehalis
4314,South Sound High School,f,South Sound High School - North Thurston
4316,Mill Creek Elementary,f,Mill Creek Elementary - Everett
4318,Tolt Middle School,f,Tolt Middle School - Riverview
4320,Sand Hill Elementary,f,Sand Hill Elementary - North Mason
4321,South Whidbey Elementary,f,South Whidbey Elementary - South Whidbey
4323,Kellogg Marsh Elementary School,f,Kellogg Marsh Elementary School - Marysville
4324,Isom Elementary School,f,Isom Elementary School - Lynden
4325,Drum Intermediate,f,Drum Intermediate - University Place
4326,Rochester High School,f,Rochester High School - Rochester
4327,Eagle Creek Elementary,f,Eagle Creek Elementary - Arlington
4328,Hillcrest Elementary,f,Hillcrest Elementary - Oak Harbor
4329,Centennial Elementary School,f,Centennial Elementary School  - Mt Vernon
4330,Mountain Way Elementary,f,Mountain Way Elementary - Granite Falls
4331,Centennial Elementary Bethel,f,Centennial Elementary Bethel - Bethel
4332,Stillwater Elementary,f,Stillwater Elementary - Riverview
4333,Lakeside High School,f,Lakeside High School - Nine Mile Falls
4334,Heatherwood Middle School,f,Heatherwood Middle School - Everett
4335,Onalaska Middle School,f,Onalaska Middle School  - Onalaska
4336,Wilder Elementary,f,Wilder Elementary - Lake Washington
4341,Cougar Valley Elementary,f,Cougar Valley Elementary - Central Kitsap
4342,Columbia Elementary,f,Columbia Elementary - Mukilteo
4343,Silver Lake Elementary School - Federal Way,f,Silver Lake Elementary School - Federal Way - Federal Way
4344,Horizon Elementary,f,Horizon Elementary - Mukilteo
4345,Horizon Elementary School,f,Horizon Elementary School - Kent
4346,Fort Stevens Elementary,f,Fort Stevens Elementary - Yelm
4347,Hazelwood Elementary School,f,Hazelwood Elementary School - Auburn
4348,Hidden Creek Elementary School,f,Hidden Creek Elementary School - South Kitsap
4349,Sidney Glen Elementary School,f,Sidney Glen Elementary School - South Kitsap
4350,Mullenix Ridge Elementary School,f,Mullenix Ridge Elementary School - South Kitsap
4352,Captain Strong,f,Captain Strong - Battle Ground
4353,Carriage Crest Elementary School,f,Carriage Crest Elementary School - Kent
4354,Mcauliffe Elementary,f,Mcauliffe Elementary - Lake Washington
4355,Frank Love Elementary,f,Frank Love Elementary - Northshore
4356,Neely O Brien Elementary School,f,Neely O Brien Elementary School - Kent
4357,Cedarcrest School,f,Cedarcrest School - Marysville
4359,Kingston Middle School,f,Kingston Middle School - North Kitsap
4360,Hunt Elementary,f,Hunt Elementary - Puyallup
4361,Brouillet Elementary,f,Brouillet Elementary - Puyallup
4362,Chain Lake Elementary School,f,Chain Lake Elementary School - Monroe
4363,Oakland Bay Junior High School,f,Oakland Bay Junior High School - Shelton
4364,Twin City Elementary,f,Twin City Elementary - Stanwood
4365,East Olympia Elementary,f,East Olympia Elementary - Tumwater
4366,Cascade View Elementary,f,Cascade View Elementary - Snohomish
4367,Centennial Elementary Olympia,f,Centennial Elementary Olympia - Olympia
4368,Seven Oaks Elementary,f,Seven Oaks Elementary - North Thurston
4369,Winlock Middle School,f,Winlock Middle School - Winlock
4371,Skyview Middle School,f,Skyview Middle School - Northshore
4372,Silver Ridge Elementary,f,Silver Ridge Elementary - Central Kitsap
4373,Tumwater Hill Elementary,f,Tumwater Hill Elementary - Tumwater
4374,Sherwood Forest Elementary School,f,Sherwood Forest Elementary School - Federal Way
4375,Cougar Ridge Elementary,f,Cougar Ridge Elementary - Issaquah
4376,Discovery Elementary,f,Discovery Elementary - Issaquah
4377,Woodmoor Elementary,f,Woodmoor Elementary - Northshore
4378,Greywolf Elementary School,f,Greywolf Elementary School - Sequim
4379,East Ridge Elementary,f,East Ridge Elementary - Northshore
4380,Harmony Elementary School,f,Harmony Elementary School - Evergreen (Clark)
4381,Pioneer Valley Elementary,f,Pioneer Valley Elementary - Bethel
4382,Cedar Wood Elementary,f,Cedar Wood Elementary - Everett
4383,Totem Falls,f,Totem Falls - Snohomish
4384,Heights Elementary,f,Heights Elementary - Clarkston
4385,Rainier Middle School,f,Rainier Middle School - Auburn
4386,Inglewood Middle School,f,Inglewood Middle School - Lake Washington
4387,Harbor Ridge Middle School,f,Harbor Ridge Middle School - Peninsula
4389,Moran Prairie Elementary,f,Moran Prairie Elementary - Spokane
4391,Glenwood Elementary,f,Glenwood Elementary - Lake Stevens
4392,Skyline Elementary,f,Skyline Elementary - Lake Stevens
4393,Green Mountain Elementary,f,Green Mountain Elementary - Central Kitsap
4394,Summit Valley School,f,Summit Valley School - Summit Valley
4395,Centennial Middle School,f,Centennial Middle School - Snohomish
4396,Evergreen Elementary School,f,Evergreen Elementary School - Clover Park
4397,Chief Kanim Middle School,f,Chief Kanim Middle School - Snoqualmie Valley
4399,Gold Bar Elementary,f,Gold Bar Elementary - Sultan
4400,Meadow Ridge Elementary,f,Meadow Ridge Elementary - Mead
4402,Liberty Ridge Elementary,f,Liberty Ridge Elementary - Sumner
4403,Icicle River Middle School,f,Icicle River Middle School - Cascade
4405,Chinook Elementary School,f,Chinook Elementary School - Vancouver
4406,Alki Middle School,f,Alki Middle School - Vancouver
4407,Frontier Middle School,f,Frontier Middle School - Bethel
4408,Horizons Elementary,f,Horizons Elementary - North Thurston
4409,Komachin Middle School,f,Komachin Middle School - North Thurston
4410,Roosevelt Elementary School,f,Roosevelt Elementary School - Vancouver
4411,Valley View Elementary School,f,Valley View Elementary School - Ellensburg
4412,Bay View Elementary,f,Bay View Elementary - Burlington Edison
4413,George T. Daniel Elementary School,f,George T. Daniel Elementary School - Kent
4414,Shaw Road Elementary,f,Shaw Road Elementary - Puyallup
4415,Rock Creek Elementary,f,Rock Creek Elementary - Tahoma
4416,North Tapps Middle School,f,North Tapps Middle School - Dieringer
4417,Ilalko Elementary School,f,Ilalko Elementary School - Auburn
4418,Amistad Elementary School,f,Amistad Elementary School - Kennewick
4420,Sunrise Elementary School,f,Sunrise Elementary School - Kent
4421,Kitsap Lake Elementary,f,Kitsap Lake Elementary - Bremerton
4422,Rainier View Elementary School,f,Rainier View Elementary School - Federal Way
4423,John Newbery Elementary,f,John Newbery Elementary - Wenatchee
4424,Einstein Elementary,f,Einstein Elementary - Lake Washington
4425,Voyager Middle School,f,Voyager Middle School - Mukilteo
4426,Green Gables Elementary School,f,Green Gables Elementary School - Federal Way
4427,River Ridge High School,f,River Ridge High School - North Thurston
4428,Everson Elementary,f,Everson Elementary - Nooksack Valley
4429,Horse Heaven Hills Middle School,f,Horse Heaven Hills Middle School - Kennewick
4430,Harbour Pointe Middle School,f,Harbour Pointe Middle School - Mukilteo
4431,La Center High School,f,La Center High School - Lacenter
4432,Foothills Middle School,f,Foothills Middle School - Wenatchee
4433,Kamiak High School,f,Kamiak High School - Mukilteo
4435,Crestwood Elementary,f,Crestwood Elementary - Sumner
4436,Kent Prairie Elementary,f,Kent Prairie Elementary - Arlington
4437,Gateway Middle School,f,Gateway Middle School - Everett
4438,Henry M. Jackson High School,f,Henry M. Jackson High School - Everett
4439,Eastlake High School,f,Eastlake High School - Lake Washington
4440,Cedar Heights Middle School,f,Cedar Heights Middle School - Kent
4441,Mountain View Middle School,f,Mountain View Middle School - Bremerton
4442,Kulshan Middle School,f,Kulshan Middle School - Bellingham
4443,Stahl Junior High,f,Stahl Junior High - Puyallup
4444,Emerald Heights Elementary,f,Emerald Heights Elementary - Central Kitsap
4445,Pioneer Elementary School,f,Pioneer Elementary School - Evergreen (Clark)
4446,Ridge View Elementary School,f,Ridge View Elementary School - Kennewick
4447,Evergreen Primary,f,Evergreen Primary - University Place
4448,Cottonwood Elementary School,f,Cottonwood Elementary School - West Valley (Yak)
4450,Summit View High School,f,Summit View High School - Battle Ground
4451,Mill Pond Elementary School,f,Mill Pond Elementary School - Yelm
4452,George Washington Bush Middle Sch,f,George Washington Bush Middle Sch - Tumwater
4453,Glacier Park Elementary,f,Glacier Park Elementary - Tahoma
4454,Allen Creek Elementary School,f,Allen Creek Elementary School - Marysville
4455,Kokanee Elementary,f,Kokanee Elementary - Northshore
4456,Saghalie Middle School,f,Saghalie Middle School - Federal Way
4457,Chase Middle School,f,Chase Middle School - Spokane
4458,McKenny Elementary,f,McKenny Elementary - Olympia
4459,Point Roberts Primary,f,Point Roberts Primary - Blaine
4460,Beaver Lake Middle School,f,Beaver Lake Middle School - Issaquah
4461,Vinland Elementary,f,Vinland Elementary - North Kitsap
4462,Mt Baker Middle School,f,Mt Baker Middle School - Auburn
4463,Pioneer Elementary School,f,Pioneer Elementary School - Pioneer
4465,Meadow Ridge Elementary School,f,Meadow Ridge Elementary School - Kent
4466,Sawyer Woods Elementary School,f,Sawyer Woods Elementary School - Kent
4467,Richard Gordon Elementary,f,Richard Gordon Elementary - North Kitsap
4468,Chautauqua Elementary,f,Chautauqua Elementary - Vashon Island
4469,Endeavour Elementary,f,Endeavour Elementary - Mukilteo
4470,Enterprise Elementary School,f,Enterprise Elementary School - Federal Way
4471,Mountain Meadow Elementary,f,Mountain Meadow Elementary - White River
4472,Julia Butler Hansen Elementary,f,Julia Butler Hansen Elementary - Olympia
4473,Thurgood Marshall Middle School,f,Thurgood Marshall Middle School - Olympia
4474,Auburn Riverside High School,f,Auburn Riverside High School - Auburn
4475,Blue Heron Middle School,f,Blue Heron Middle School - Port Townsend
4476,Blaine Primary School,f,Blaine Primary School - Blaine
4477,English Crossing Elementary,f,English Crossing Elementary - Lakewood
4478,Stratton Elementary,f,Stratton Elementary - Newport
4479,Monte Cristo Elementary,f,Monte Cristo Elementary - Granite Falls
4480,Meredith Hill Elementary School,f,Meredith Hill Elementary School - Federal Way
4481,Zillah Middle School,f,Zillah Middle School - Zillah
4482,Eagleridge Elementary,f,Eagleridge Elementary - Ferndale
4483,Hallett Elementary,f,Hallett Elementary - Medical Lake
4484,Southridge High School,f,Southridge High School - Kennewick
4485,Northwood Middle School,f,Northwood Middle School - Kent
4486,Rainier Elementary School,f,Rainier Elementary School - Rainier
4487,East Valley Elementary,f,East Valley Elementary - East Valley (Yak)
4489,Glenridge Elementary,f,Glenridge Elementary - Kent
4490,Saddle Mountain Elementary,f,Saddle Mountain Elementary - Wahluke
4491,Mt Spokane High School,f,Mt Spokane High School - Mead
4492,Kentlake High School,f,Kentlake High School - Kent
4493,Endeavour Elementary School,f,Endeavour Elementary School - Issaquah
4494,Dry Creek Elementary,f,Dry Creek Elementary - Port Angeles
4497,Pioneer Elementary School,f,Pioneer Elementary School - Sunnyside
4498,Frontier Middle School,f,Frontier Middle School - Evergreen (Clark)
4499,Fishers Landing Elementary School,f,Fishers Landing Elementary School - Evergreen (Clark)
4500,A G West Black Hills High School,f,A G West Black Hills High School - Tumwater
4501,Methow Valley Elementary,f,Methow Valley Elementary - Methow Valley
4502,Mountain View Middle School,f,Mountain View Middle School - Sumner
4503,Discovery Middle School,f,Discovery Middle School - Vancouver
4504,Skyview High School,f,Skyview High School - Vancouver
4505,Woodward Middle School,f,Woodward Middle School - Bainbridge
4506,West Valley Middle School,f,West Valley Middle School - West Valley (Yak)
4508,Skyridge Middle School,f,Skyridge Middle School - Camas
4509,Klahowya Secondary,f,Klahowya Secondary - Central Kitsap
4511,Mount Baker Middle School,f,Mount Baker Middle School - Mt Vernon
4512,Port Susan Middle School,f,Port Susan Middle School - Stanwood
4513,Cedarhome Elementary School,f,Cedarhome Elementary School - Stanwood
4515,Squalicum High School,f,Squalicum High School - Bellingham
4516,Timbercrest Middle School,f,Timbercrest Middle School - Northshore
4517,Vossbeck Elementary School,f,Vossbeck Elementary School - Lynden
4518,Adams Elementary,f,Adams Elementary - Wapato
4519,Sequim Middle School,f,Sequim Middle School - Sequim
4520,Kent Elementary School,f,Kent Elementary School - Kent
4521,Lakeside Middle School,f,Lakeside Middle School - Nine Mile Falls
4523,Heritage High School,f,Heritage High School - Evergreen (Clark)
4524,Vancouver Alternative Programs,f,Vancouver Alternative Programs - Vancouver
4525,Nooksack Elementary,f,Nooksack Elementary - Nooksack Valley
4526,Whittier Elementary,f,Whittier Elementary - Pasco
4527,Pinecrest Elementary,f,Pinecrest Elementary - Central Kitsap
4528,Monroe High School,f,Monroe High School - Monroe
4529,Liberty Lake Elementary,f,Liberty Lake Elementary - Central Valley
4530,Penny Creek Elementary,f,Penny Creek Elementary - Everett
4532,Blackwell Elementary,f,Blackwell Elementary - Lake Washington
4533,Kendall Elementary,f,Kendall Elementary - Mount Baker
4534,Highland Elementary,f,Highland Elementary - Lake Stevens
4535,Roosevelt Elementary,f,Roosevelt Elementary - Granger
4536,Monument Elementary,f,Monument Elementary - Quincy
4537,Crescent Heights,f,Crescent Heights - Tacoma
4538,North Star Elementary,f,North Star Elementary - Bethel
4540,Emerald Ridge High School,f,Emerald Ridge High School - Puyallup
4541,Daffodil Valley Elementary,f,Daffodil Valley Elementary - Sumner
4542,Sakai Intermediate,f,Sakai Intermediate - Bainbridge
4543,William Wiley Elementary School,f,William Wiley Elementary School - Richland
4544,Hidden River Middle School,f,Hidden River Middle School - Monroe
4545,Emerald Park Elementary School,f,Emerald Park Elementary School - Kent
4547,Ptarmigan Ridge Elementary School,f,Ptarmigan Ridge Elementary School - Orting
4548,Dieringer Heights Elementary,f,Dieringer Heights Elementary - Dieringer
4549,Canyon Creek Middle School,f,Canyon Creek Middle School - Washougal
4550,Thunder Mountain Middle School,f,Thunder Mountain Middle School - Enumclaw
4551,Utsalady Elementary,f,Utsalady Elementary - Stanwood
4552,Chimacum Creek Primary School,f,Chimacum Creek Primary School - Chimacum
4553,Elger Bay Elementary,f,Elger Bay Elementary - Stanwood
4554,Horizon Middle School,f,Horizon Middle School - Ferndale
4555,Rowena Chess Elementary,f,Rowena Chess Elementary - Pasco
4556,Tahoma Jr High,f,Tahoma Jr High  - Tahoma
4557,Hedden Elementary School,f,Hedden Elementary School - Fife
5546,CHOICE Academy,f,CHOICE Academy - North Kitsap
4558,Orcas Island Middle School,f,Orcas Island Middle School - Orcas
4559,Highland High School,f,Highland High School - Highland
4560,Illahee Elementary School,f,Illahee Elementary School - Evergreen (Clark)
4561,Shahala Middle School,f,Shahala Middle School - Evergreen (Clark)
4562,Chloe Clark Elementary,f,Chloe Clark Elementary - Steilacoom Hist.
4563,Prune Hill Elem,f,Prune Hill Elem - Camas
4564,Ellen Ochoa Middle School,f,Ellen Ochoa Middle School - Pasco
4565,Cascade Ridge Elementary,f,Cascade Ridge Elementary - Issaquah
4566,Beaver Valley School,f,Beaver Valley School - Cascade
4567,Camas High School,f,Camas High School - Camas
4568,Hockinson High School,f,Hockinson High School - Hockinson
4569,White River High School,f,White River High School - White River
4570,Todd Beamer High School,f,Todd Beamer High School - Federal Way
4571,Northern Heights Elementary Schl,f,Northern Heights Elementary Schl - Bellingham
4573,Pioneer Elementary,f,Pioneer Elementary - Arlington
4574,Mt. Solo Middle School,f,Mt. Solo Middle School - Longview
4575,Angelo Giaudrone Middle School,f,Angelo Giaudrone Middle School - Tacoma
4576,Cougar Creek Elementary School,f,Cougar Creek Elementary School - Lakewood
4577,Michael Anderson Elementary,f,Michael Anderson Elementary - Medical Lake
4578,Cougar Mountain Middle School,f,Cougar Mountain Middle School - Bethel
4579,York Elementary School,f,York Elementary School - Evergreen (Clark)
4581,Millennium Elementary School,f,Millennium Elementary School - Kent
4582,Columbia Junior High School,f,Columbia Junior High School - Fife
4583,Odyssey Elementary,f,Odyssey Elementary - Mukilteo
4585,Bonney Lake High School,f,Bonney Lake High School - Sumner
4586,Olympic Middle School,f,Olympic Middle School - Shelton
4587,Columbia Valley Elementary,f,Columbia Valley Elementary - Evergreen (Clark)
4588,Valley View Elementary,f,Valley View Elementary - Toppenish
4590,Clovis Point,f,Clovis Point - Eastmont
4591,Jefferson Middle School,f,Jefferson Middle School - Vancouver
4592,Newcastle Elementary School,f,Newcastle Elementary School - Issaquah
4593,Freeman Middle School,f,Freeman Middle School - Freeman
4594,Fryelands Elementary,f,Fryelands Elementary - Monroe
4595,Maya Angelou Elementary,f,Maya Angelou Elementary - Pasco
5003,School to Life,f,School to Life - Central Valley
5004,Saratoga School,f,Saratoga School - Stanwood
5008,West Valley Preschool,f,West Valley Preschool - West Valley (Yak)
5010,Haller Middle School,f,Haller Middle School - Arlington
5011,Orting Special Education,f,Orting Special Education - Orting
5012,Goldendale Support Service Center,f,Goldendale Support Service Center - Goldendale
5013,Developmental Preschool,f,Developmental Preschool  - Steilacoom Hist.
5014,New Market High School,f,New Market High School - Tumwater
5015,Cascade View Elementary School,f,Cascade View Elementary School - Snoqualmie Valley
5016,Mill Creek Middle School,f,Mill Creek Middle School - Kent
5018,Lackamas Elementary,f,Lackamas Elementary - Yelm
5019,Early Childhood Center,f,Early Childhood Center - Yakima
5020,Virgie Robinson Elementary,f,Virgie Robinson Elementary - Pasco
5021,Blaine Home Connections,f,Blaine Home Connections - Blaine
5027,Harrison Prep School,f,Harrison Prep School - Clover Park
5028,Big Picture School,f,Big Picture School - Highline
5029,Sequoyah Middle School,f,Sequoyah Middle School - Federal Way
5030,HomeConnection,f,HomeConnection - Crescent
5032,Taholah Elementary & Middle School,f,Taholah Elementary & Middle School - Taholah
5033,Graham Kapowsin High School,f,Graham Kapowsin High School - Bethel
5034,Toddler Learning Center,f,Toddler Learning Center - Coupeville
5035,HomeWorks,f,HomeWorks - Cheney
5037,Auburn Mountainview High School,f,Auburn Mountainview High School - Auburn
5040,Park Place Middle School,f,Park Place Middle School - Monroe
5043,Central Valley Early Learning Center,f,Central Valley Early Learning Center - Central Valley
5045,White River Special Ed Services,f,White River Special Ed Services - White River
5046,Private School Services,f,Private School Services - Seattle
5047,Meridian Parent Partnership Program,f,Meridian Parent Partnership Program - Meridian
5048,Birth to 3 Contracts,f,Birth to 3 Contracts - Seattle
5049,Sierra Vista Middle School,f,Sierra Vista Middle School - Sunnyside
5051,Lakeland Hills Elementary,f,Lakeland Hills Elementary - Auburn
5052,Ridgeline Middle School,f,Ridgeline Middle School - Yelm
5053,Rosa Parks Elementary,f,Rosa Parks Elementary - Lake Washington
5054,Liberty Middle School,f,Liberty Middle School - Camas
5055,Papermaker Preschool,f,Papermaker Preschool - Camas
5056,Grand Ridge Elementary,f,Grand Ridge Elementary - Issaquah
5057,Renaissance School,f,Renaissance School - Lake Washington
5058,Good Beginnings Center,f,Good Beginnings Center - Sedro Woolley
5059,Island Juvenile Detention Education Program,f,Island Juvenile Detention Education Program - Coupeville
5062,Issaquah ECEAP,f,Issaquah ECEAP - Issaquah
5063,Academy of Citizenship and Empowerment,f,Academy of Citizenship and Empowerment - Highline
5064,Global Connections High School,f,Global Connections High School - Highline
5066,Helen B. Stafford Elementary,f,Helen B. Stafford Elementary - Tacoma
5068,Central Valley Kindergarten Center,f,Central Valley Kindergarten Center - Central Valley
5070,Renton Academy,f,Renton Academy - Renton
5071,Insight School of Washington,f,Insight School of Washington - Quillayute Valley
5072,Madrona Heights PreSchool Program,f,Madrona Heights PreSchool Program - South Kitsap
5073,Quest,f,Quest - Puyallup
5075,Selkirk Elementary,f,Selkirk Elementary - Selkirk
5076,Special Education,f,Special Education - Kelso
5077,White Salmon Academy,f,White Salmon Academy - White Salmon
5078,Olympia Regional Learning Academy,f,Olympia Regional Learning Academy - Olympia
5079,Eatonville Developmental Pre-School,f,Eatonville Developmental Pre-School - Eatonville
5081,Crossroads Community School,f,Crossroads Community School - Quilcene
5082,Arthur Jacobsen Elementary,f,Arthur Jacobsen Elementary - Auburn
5084,Ferndale Special Services,f,Ferndale Special Services - Ferndale
5085,Kingston High School,f,Kingston High School - North Kitsap
5086,Kittitas B-5 Special Ed Program,f,Kittitas B-5 Special Ed Program - Kittitas
5087,Special Services School,f,Special Services School - Concrete
5088,Carson Elementary,f,Carson Elementary - Puyallup
5089,Daybreak Middle,f,Daybreak Middle - Battle Ground
5090,Daybreak Primary,f,Daybreak Primary - Battle Ground
5091,Forest View Elementary School,f,Forest View Elementary School - Everett
5092,White Bluffs Elementary School,f,White Bluffs Elementary School - Richland
5093,Edgerton Elementary,f,Edgerton Elementary - Puyallup
5094,Prairie View Elementary,f,Prairie View Elementary - Mead
5096,Children's Village,f,Children's Village - West Valley (Yak)
5097,K-12 Ellensburg Learning Center,f,K-12 Ellensburg Learning Center - Ellensburg
5098,Kent Phoenix Academy,f,Kent Phoenix Academy - Kent
5099,Cavelero Mid High School,f,Cavelero Mid High School - Lake Stevens
5100,Little Cedars Elementary School,f,Little Cedars Elementary School - Snohomish
5101,Health Sciences & Human Services,f,Health Sciences & Human Services - Highline
5102,Arts & Academics Academy,f,Arts & Academics Academy - Highline
5103,Technology - Engineeering & Communications,f,Technology - Engineeering & Communications - Highline
5104,Hayes Freedom High School,f,Hayes Freedom High School - Camas
5106,Phoenix High School,f,Phoenix High School - Kennewick
5107,Federal Way Running Start Home School,f,Federal Way Running Start Home School - Federal Way
5108,Lincoln Academy,f,Lincoln Academy - Stanwood
5374,SVSD OPEN DOORS,f,SVSD OPEN DOORS - Snoqualmie Valley
5111,Union High School,f,Union High School - Evergreen (Clark)
5112,Mount Baker Academy,f,Mount Baker Academy - Mount Baker
5113,Spokane Regional Health District,f,Spokane Regional Health District - Spokane
5114,Sky Valley Options,f,Sky Valley Options - Sultan
5115,Roosevelt Elementary School,f,Roosevelt Elementary School - Port Angeles
5116,Career Link,f,Career Link - Highline
5118,Pend Oreille River School,f,Pend Oreille River School - Newport
5119,Valley View Early Childhood Center,f,Valley View Early Childhood Center - Highline
5120,Mattawa Elementary Pre-School,f,Mattawa Elementary Pre-School - Wahluke
5122,Mead PreSchool,f,Mead PreSchool - Mead
5123,Grove Elementary,f,Grove Elementary - Marysville
5124,BIRTH TO 2 PRESCHOOL,f,BIRTH TO 2 PRESCHOOL - Deer Park
5125,Wade King Elementary School,f,Wade King Elementary School - Bellingham
5126,Birth To Three,f,Birth To Three - Cheney
5128,Glacier Peak High School,f,Glacier Peak High School - Snohomish
5129,Learning Support,f,Learning Support - Franklin Pierce
5130,Eastmont Preschools,f,Eastmont Preschools - Eastmont
5131,Tukes Valley Middle School,f,Tukes Valley Middle School - Battle Ground
5132,Tukes Valley Primary,f,Tukes Valley Primary  - Battle Ground
5133,Chief Umtuch Middle,f,Chief Umtuch Middle - Battle Ground
5135,Twin Falls Middle School,f,Twin Falls Middle School - Snoqualmie Valley
5136,Endeavour Elementary School,f,Endeavour Elementary School - Evergreen (Clark)
5137,Sun Valley Elementary,f,Sun Valley Elementary - Sunnyside
5138,Technology Access Foundation Academy,f,Technology Access Foundation Academy - Federal Way
5139,Carson Elementary,f,Carson Elementary - Lake Washington
5141,Spanaway Elementary Preschool,f,Spanaway Elementary Preschool - Bethel
5142,Glacier View Junior High,f,Glacier View Junior High - Puyallup
5144,Wahluke Junior High,f,Wahluke Junior High - Wahluke
5146,CVA - Onalaska,f,CVA - Onalaska - Onalaska
5149,Vancouver Virtual Learning Academy,f,Vancouver Virtual Learning Academy - Vancouver
5150,Birth to Age 2,f,Birth to Age 2 - Kent
5151,Okanogan Outreach Alternative School,f,Okanogan Outreach Alternative School - Okanogan
5152,Columbia Virtual Academy - Sultan,f,Columbia Virtual Academy - Sultan - Sultan
5153,Yakima Online,f,Yakima Online - Yakima
5155,Columbia Virtual Academy-Orient,f,Columbia Virtual Academy-Orient - Orient
5157,Prescott Special Ed Pre-school,f,Prescott Special Ed Pre-school - Prescott
5158,Grass Valley Elementary,f,Grass Valley Elementary - Camas
5159,Frederickson Elementary,f,Frederickson Elementary - Bethel
5160,Nelson Elementary School,f,Nelson Elementary School - Bethel
5161,Special Services,f,Special Services - Bremerton
5163,Career Academy at Truman High School,f,Career Academy at Truman High School - Federal Way
5164,Chiawana High School,f,Chiawana High School - Pasco
5165,Three Rivers Home Link,f,Three Rivers Home Link - Richland
5167,Chambers Prairie Elementary School,f,Chambers Prairie Elementary School - North Thurston
5168,Aspire Middle School,f,Aspire Middle School - North Thurston
5169,Science and Math Institute,f,Science and Math Institute - Tacoma
5170,First Creek Middle School,f,First Creek Middle School - Tacoma
5171,Crossroads High School,f,Crossroads High School - Granite Falls
5172,Puget Sound High School,f,Puget Sound High School - Highline
5173,Sage Point Elementary School,f,Sage Point Elementary School - Moses Lake
5175,Hazel Wolf K-8,f,Hazel Wolf K-8 - Seattle
5176,Cap Sante High School,f,Cap Sante High School - Anacortes
5178,Panther Lake Elementary School,f,Panther Lake Elementary School - Kent
5179,Ocean Beach Early Childhood Center,f,Ocean Beach Early Childhood Center - Ocean Beach
5180,Columbia Virtual Academy - Kettle Falls,f,Columbia Virtual Academy - Kettle Falls - Kettle Falls
5181,Snoqualmie Access,f,Snoqualmie Access - Snoqualmie Valley
5184,Tacoma Pierce County Education Center,f,Tacoma Pierce County Education Center - Tacoma
5186,Excel High School,f,Excel High School - Ellensburg
5187,HEAD START/ECEAP PRESCHOOL,f,HEAD START/ECEAP PRESCHOOL - Walla Walla
5190,Cowlitz Prairie Academy,f,Cowlitz Prairie Academy - Toledo
5191,Hoquiam Homelink School,f,Hoquiam Homelink School - Hoquiam
5192,Special Services,f,Special Services - Tacoma
5194,Kelso Virtual Academy,f,Kelso Virtual Academy - Kelso
5195,Washington Virtual Academy Omak Elementary,f,Washington Virtual Academy Omak Elementary - Omak
5196,Washington Virtual Academy Omak Middle School,f,Washington Virtual Academy Omak Middle School - Omak
5197,Washington Virtual Academy Omak High School,f,Washington Virtual Academy Omak High School - Omak
5200,Pacific Cascade Middle School,f,Pacific Cascade Middle School - Issaquah
5201,Creekside Elementary,f,Creekside Elementary - Issaquah
5203,McDonald International School,f,McDonald International School - Seattle
5204,Queen Anne Elementary,f,Queen Anne Elementary - Seattle
5205,Sand Point Elementary,f,Sand Point Elementary - Seattle
5206,Liberty Middle School,f,Liberty Middle School - Bethel
5207,Cascadia Elementary,f,Cascadia Elementary - Ferndale
5208,Twin Harbors - A Branch of New Market Skills Center,f,Twin Harbors - A Branch of New Market Skills Center - Aberdeen
5209,Academy of Const and Engineering,f,Academy of Const and Engineering - Marysville
5210,Bio Med Academy,f,Bio Med Academy - Marysville
5211,Intl Sch of Communications,f,Intl Sch of Communications - Marysville
5213,Marysville Pilchuck High School,f,Marysville Pilchuck High School - Marysville
5214,School for the Entrepreneur,f,School for the Entrepreneur - Marysville
5216,Bethel Elementary Learning Academy,f,Bethel Elementary Learning Academy - Bethel
5217,WSD Columbia Basin J.C.,f,WSD Columbia Basin J.C. - Wellpinit
5218,Federal Way Public School ECEAP,f,Federal Way Public School ECEAP - Federal Way
5219,Federal Way Public Schools Headstart,f,Federal Way Public Schools Headstart - Federal Way
5220,Cottonwood Elementary,f,Cottonwood Elementary - Kennewick
5221,West Valley High School Freshman Campus,f,West Valley High School Freshman Campus - West Valley (Yak)
5223,Paideia High School,f,Paideia High School - Valley
5224,Yakima Satellite Alternative Programs,f,Yakima Satellite Alternative Programs - Yakima
5225,Selkirk Middle School,f,Selkirk Middle School - Selkirk
5226,Selkirk High School,f,Selkirk High School - Selkirk
5228,Eastmont Columbia Virtual Academy,f,Eastmont Columbia Virtual Academy - Eastmont
5229,Honey Dew Elementary,f,Honey Dew Elementary - Renton
5231,Selah HomeLink,f,Selah HomeLink - Selah
5232,Robert Lince Early Learning Center,f,Robert Lince Early Learning Center - Selah
5233,American Academy,f,American Academy - Mount Adams
5234,ICCF Ed Program,f,ICCF Ed Program - Coupeville
5235,Benton County Jail,f,Benton County Jail - Kennewick
5236,PEARL,f,PEARL - Quilcene
5238,Naselle Homelink,f,Naselle Homelink - Naselle Grays Riv
5239,Cordata Elementary School,f,Cordata Elementary School - Bellingham
5240,Bellevue Big Picture School,f,Bellevue Big Picture School - Bellevue
5242,Easton Secondary School,f,Easton Secondary School - Easton
5243,Pacific Virtual Learning,f,Pacific Virtual Learning - South Bend
5244,Choice,f,Choice - Riverview
5245,WINDWARD HIGH SCHOOL,f,WINDWARD HIGH SCHOOL - Ferndale
5246,Lewis River Academy,f,Lewis River Academy - Woodland
5247,Pacific County Jail,f,Pacific County Jail - South Bend
5248,Olympia Regional Learning Academy - Montessori School,f,Olympia Regional Learning Academy - Montessori School - Olympia
5249,Spokane County Jail,f,Spokane County Jail - Spokane
5250,On Track Academy,f,On Track Academy - Spokane
5440,The Outreach Program,f,The Outreach Program - Kent
5251,Park Orchard Elementary School,f,Park Orchard Elementary School  - Moses Lake
5252,Northport Homelink Program,f,Northport Homelink Program - Northport
5254,Gateway to College,f,Gateway to College - Highline
5255,Gateway to College,f,Gateway to College - Federal Way
5258,Vancouver Contracted Programs,f,Vancouver Contracted Programs - Vancouver
5259,Touchstone,f,Touchstone - Olympia
5260,Seattle Skills Center,f,Seattle Skills Center - Seattle
5262,NW Allprep,f,NW Allprep - Toppenish
5263,Yakima Adult Jail,f,Yakima Adult Jail - Yakima
5264,Ridgeview Group Home,f,Ridgeview Group Home - Yakima
5265,Tesla STEM High School,f,Tesla STEM High School - Lake Washington
5268,Riverpoint Academy,f,Riverpoint Academy - Mead
5269,Westwood Middle School,f,Westwood Middle School - Cheney
5270,Deer Park Early Learning Center,f,Deer Park Early Learning Center - Deer Park
5271,Vancouver iTech Preparatory,f,Vancouver iTech Preparatory - Vancouver
5272,Brewster Alternative School,f,Brewster Alternative School - Brewster
5273,Columbia Basin Technical Skills Center,f,Columbia Basin Technical Skills Center  - Moses Lake
5275,iGrad,f,iGrad - Kent
5276,Louisa Boren STEM K-8,f,Louisa Boren STEM K-8 - Seattle
5277,Southwest Youth and Family Services,f,Southwest Youth and Family Services - Highline
5278,Spokane Valley Tech,f,Spokane Valley Tech - Central Valley
5279,Birth to Three Development Center,f,Birth to Three Development Center - Federal Way
5280,Dynamic Family Services,f,Dynamic Family Services - Federal Way
5281,Central Educational Services,f,Central Educational Services - Bellevue
5282,Talley High School,f,Talley High School - Renton
5283,Columbia Alternative School,f,Columbia Alternative School - Columbia (Stev)
5284,Gateway,f,Gateway - Tukwila
5285,Wahitis Elementary School,f,Wahitis Elementary School - Othello
5286,Manson Middle School,f,Manson Middle School - Manson
5287,Early Childhood Education,f,Early Childhood Education - Shoreline
5288,Birth to Three,f,Birth to Three - Bethel
5289,Mabton Jr. Sr. High,f,Mabton Jr. Sr. High - Mabton
5290,Clark County Juvenile Detention School,f,Clark County Juvenile Detention School - ESD 112
5291,Maple Grove K-8,f,Maple Grove K-8 - Battle Ground
5292,Cascadia Elementary,f,Cascadia Elementary - Seattle
5293,Lind-Ritzville Middle School,f,Lind-Ritzville Middle School - Lind
5294,Phil Snowdon Elementary,f,Phil Snowdon Elementary - Cheney
5296,Snoqualmie Parent Partnership Program,f,Snoqualmie Parent Partnership Program - Snoqualmie Valley
5297,Transition Day Students,f,Transition Day Students - Clover Park
5298,Oakridge Group Home,f,Oakridge Group Home - Clover Park
5299,CVA-Lopez Island,f,CVA-Lopez Island - Lopez
5300,Mt. Rainier Parent Partnership,f,Mt. Rainier Parent Partnership - Eatonville
5301,The Community School,f,The Community School - Spokane
5302,Washington Youth Academy,f,Washington Youth Academy - Washington Military Department
5303,Lind Ritzville Middle School,f,Lind Ritzville Middle School - Ritzville
5305,GRAVITY High School,f,GRAVITY High School - ESD 113
5306,Open Doors at LWIT,f,Open Doors at LWIT - Lake Wa Inst Tech
5307,Tacoma Open Doors,f,Tacoma Open Doors - Tacoma
5308,Jing Mei Elementary School,f,Jing Mei Elementary School - Bellevue
5309,Woodburn Elementary,f,Woodburn Elementary - Camas
5310,Henrietta Lacks Health and Bioscience High School,f,Henrietta Lacks Health and Bioscience High School - Evergreen (Clark)
5311,Hockinson Heights Elementary School,f,Hockinson Heights Elementary School - Hockinson
5312,Discovery High School,f,Discovery High School - Longview
5313,Meadow Crest Early Childhood Education Center,f,Meadow Crest Early Childhood Education Center - Renton
5314,Head Start,f,Head Start - Shoreline
5315,Youthsource,f,Youthsource - Tukwila
5316,Open Doors  Re-Engagement Wenatchee,f,Open Doors  Re-Engagement Wenatchee - Wenatchee
5317,Lewis County Jail,f,Lewis County Jail - Chehalis
5319,Chief Kitsap Academy,f,Chief Kitsap Academy - Suquamish Tribal
5320,Willie Stewart Academy,f,Willie Stewart Academy - Tacoma
5321,Puyallup Open Doors/POD,f,Puyallup Open Doors/POD - Puyallup
5322,Puyallup Parent Partnership Program,f,Puyallup Parent Partnership Program - Puyallup
5323,Skill Source Learning Center,f,Skill Source Learning Center - Moses Lake
5325,Grad Alliance Program,f,Grad Alliance Program - Bellevue
5326,La Center Home School Academy,f,La Center Home School Academy - Lacenter
5327,Goodwill GED,f,Goodwill GED - Tacoma
5328,CVSD Open Doors Programs,f,CVSD Open Doors Programs - Central Valley
5329,Open Doors Youth Reengagement Sultan,f,Open Doors Youth Reengagement Sultan - Sultan
5330,Everett Reengagement Academy,f,Everett Reengagement Academy - Everett
5331,Northshore Online School,f,Northshore Online School - Northshore
5332,New Beginnings,f,New Beginnings - Eatonville
5334,SELAH ACADEMY REENGAGEMENT PROGRAM,f,SELAH ACADEMY REENGAGEMENT PROGRAM  - Selah
5335,Open Door Youth Reengagement Renton,f,Open Door Youth Reengagement Renton - Renton
5336,Lake Roosevelt Alternative School,f,Lake Roosevelt Alternative School - Grand Coulee Dam
5337,SE AREA TECHNICAL SKILLS CENTER,f,SE AREA TECHNICAL SKILLS CENTER - Walla Walla
5338,White River Reengagement Program,f,White River Reengagement Program - White River
5339,PRIDE Prep School,f,PRIDE Prep School  - Innovation Spokane (PRIDE) Charter
5340,Bellingham Re-Engagement Program,f,Bellingham Re-Engagement Program - Bellingham
5342,Open Doors Vancouver,f,Open Doors Vancouver - Vancouver
5343,iGrad Academy,f,iGrad Academy - Oak Harbor
5344,Open Doors Youth Re-Engagement Spokane,f,Open Doors Youth Re-Engagement Spokane - Spokane
5345,Rosalind Franklin STEM Elementary,f,Rosalind Franklin STEM Elementary - Pasco
5346,East Valley Middle School,f,East Valley Middle School - East Valley (Spok
5348,Open Doors Youth Reengagement (1418),f,Open Doors Youth Reengagement (1418) - Federal Way
5349,Granite Falls Open Doors,f,Granite Falls Open Doors - Granite Falls
5350,Quil Ceda Tulalip Elementary,f,Quil Ceda Tulalip Elementary - Marysville
5351,Jane Addams Middle School,f,Jane Addams Middle School - Seattle
5352,SHS Graduation Alliance,f,SHS Graduation Alliance - Sunnyside
5353,CHS Drop-Out Reengagement Program,f,CHS Drop-Out Reengagement Program - University Place
5354,Endeavor Middle School,f,Endeavor Middle School  - Moses Lake
5355,Yakima Open Doors,f,Yakima Open Doors - Yakima
5356,re-engagement,f,re-engagement  - West Valley (Spok
5357,Valley Early Learning Center,f,Valley Early Learning Center - Valley
5358,Edmonds Career Access Program,f,Edmonds Career Access Program - Edmonds
5359,Futurus High School,f,Futurus High School - Centralia
5360,Open Doors Battle Ground,f,Open Doors Battle Ground - Battle Ground
5361,Spokane Public Montessori,f,Spokane Public Montessori - Spokane
5362,College Place High School,f,College Place High School - College Place
5363,Forks Intermediate School,f,Forks Intermediate School - Quillayute Valley
5364,Meriwether Elementary School,f,Meriwether Elementary School - Clover Park
5365,Rainier Elementary School,f,Rainier Elementary School - Clover Park
5366,Bellingham Family Partnership Program,f,Bellingham Family Partnership Program - Bellingham
5367,Desert Oasis High School,f,Desert Oasis High School - Othello
5368,Wallace & Priscilla Stevenson Intermediate School,f,Wallace & Priscilla Stevenson Intermediate School - White Salmon
5369,Lewis County Alternative School,f,Lewis County Alternative School - Chehalis
5370,Highline Open Doors 1418,f,Highline Open Doors 1418 - Highline
5371,Highline Home School Center,f,Highline Home School Center - Highline
5372,Acceleration Academy,f,Acceleration Academy - Bethel
5373,Lummi Nation School,f,Lummi Nation School - Lummi Tribal
5375,Summit Public School: Sierra,f,Summit Public School: Sierra - Summit Sierra Charter
5376,Summit Public School: Olympus,f,Summit Public School: Olympus - Summit Olympus Charter
5377,Excel Public Charter School,f,Excel Public Charter School - Green Dot Excel Charter
5378,Destiny Middle School,f,Destiny Middle School - Green Dot Destiny Charter
5379,SOAR Academy Public Charter School,f,SOAR Academy Public Charter School - SOAR Charter
5380,Rainier Prep,f,Rainier Prep - Rainier Prep Charter
5381,Spokane International Academy,f,Spokane International Academy - Spokane Int'l Charter
5382,Summit View Middle School,f,Summit View Middle School - Battle Ground
5383,John Campbell Primary School,f,John Campbell Primary School - Selah
5384,Selah Intermediate School,f,Selah Intermediate School - Selah
5385,Selah Middle School,f,Selah Middle School - Selah
5386,Clover Park Early Learning Program,f,Clover Park Early Learning Program - Clover Park
5387,Four Heroes Elementary,f,Four Heroes Elementary - Clover Park
5388,Royal Intermediate School,f,Royal Intermediate School - Royal
5389,Birth to Three,f,Birth to Three - Steilacoom Hist.
5390,White River Homeschool,f,White River Homeschool - White River
5391,Barbara McClintock STEM Elementary,f,Barbara McClintock STEM Elementary - Pasco
5392,Captain Gray STEM Elementary,f,Captain Gray STEM Elementary - Pasco
5393,Internet Pasco Academy of Learning,f,Internet Pasco Academy of Learning - Pasco
5394,Marie Curie STEM Elementary,f,Marie Curie STEM Elementary - Pasco
5396,Cheney Open Doors,f,Cheney Open Doors - Cheney
5397,Open Doors Reengagement Program,f,Open Doors Reengagement Program - Chimacum
5398,ESD 112 Open Doors Reengagement,f,ESD 112 Open Doors Reengagement - ESD 112
5399,Step Up to College Open Doors High School,f,Step Up to College Open Doors High School - Grandview
5400,Discovery High School-Achieve,f,Discovery High School-Achieve - Longview
5401,Mead Open Doors,f,Mead Open Doors - Mead
5402,Marysville NWESD 189 Youth Engagement,f,Marysville NWESD 189 Youth Engagement - Marysville
5403,Ugrad – ESD123 Re-Engagement Program,f,Ugrad – ESD123 Re-Engagement Program - ESD 123
5404,Lakewood NWESD 189 Open Door Program,f,Lakewood NWESD 189 Open Door Program - Lakewood
5405,Interagency Open Doors,f,Interagency Open Doors - Seattle
5406,Bridges Transition,f,Bridges Transition - Seattle
5407,Woodland Primary School,f,Woodland Primary School - Woodland
5408,Woodland Intermediate School,f,Woodland Intermediate School - Woodland
5409,Woodland Middle School,f,Woodland Middle School - Woodland
5410,Futures Program,f,Futures Program - Steilacoom Hist.
5411,CPSD Open Doors Program,f,CPSD Open Doors Program - Clover Park
5412,Open Den,f,Open Den - Coupeville
5413,Educational Opportunity Center Reengagement,f,Educational Opportunity Center Reengagement - Clarkston
5414,Other Schools,f,Other Schools - Everett
5415,Mossyrock Academy,f,Mossyrock Academy - Mossyrock
5416,East Grays Harbor Open Doors,f,East Grays Harbor Open Doors - Elma
5417,Re-Engagement School (Nine Mile Falls),f,Re-Engagement School (Nine Mile Falls) - Nine Mile Falls
5418,Cascade Home-Link,f,Cascade Home-Link - Cascade
5419,Orchard Elementary,f,Orchard Elementary - Richland
5430,Quileute Tribal School,f,Quileute Tribal School - Quileute Tribal
5431,Bates Technical College - Open Doors,f,Bates Technical College - Open Doors - Bates TC
5432,EV Online,f,EV Online - East Valley (Spok
5433,EV Parent Partnership,f,EV Parent Partnership - East Valley (Spok
5434,NEWESD 101 Open Doors,f,NEWESD 101 Open Doors - ESD 101
5435,Open Doors Evergreen,f,Open Doors Evergreen - Evergreen (Clark)
5436,Early Learning Center,f,Early Learning Center - Franklin Pierce
5437,Gibson Ek High School,f,Gibson Ek High School - Issaquah
5438,Sage Crest Elementary,f,Sage Crest Elementary - Kennewick
5439,Chinook Middle School,f,Chinook Middle School - Kennewick
5441,Early Learning Center,f,Early Learning Center - Lake Stevens
5442,Outcomes for Academic Resilience,f,Outcomes for Academic Resilience - Lake Stevens
5443,Mabton Step Up To College,f,Mabton Step Up To College - Mabton
5444,Mary M. Knight School,f,Mary M. Knight School - Mary M Knight
5445,Washington Connections Academy,f,Washington Connections Academy - Mary M Knight
5446,Mary Walker Alternative Learning Experience,f,Mary Walker Alternative Learning Experience - Mary Walker
5447,Northwood Elementary School,f,Northwood Elementary School - Mercer Island
5448,Meridian Impact Re-Engagement,f,Meridian Impact Re-Engagement - Meridian
5449,Mount Vernon Open Doors,f,Mount Vernon Open Doors - Mt Vernon
5450,Lake Stickney Elementary School,f,Lake Stickney Elementary School - Mukilteo
5451,Naches Valley Elementary School,f,Naches Valley Elementary School - Naches Valley
5452,Salish Middle School,f,Salish Middle School - North Thurston
5453,Northshore Primary Center,f,Northshore Primary Center - Northshore
5454,Ocean Beach Alternative School,f,Ocean Beach Alternative School - Ocean Beach
5456,Connections Academy,f,Connections Academy - Sedro Woolley
5457,Timber Ridge Elementary School,f,Timber Ridge Elementary School - Snoqualmie Valley
5458,Industrial Design Engineering and Art,f,Industrial Design Engineering and Art - Tacoma
5459,Hoyt Early Learning Center,f,Hoyt Early Learning Center - Tacoma
5460,Walla Walla Open Doors,f,Walla Walla Open Doors - Walla Walla
5461,Wellpinit Fort Simcoe SEA,f,Wellpinit Fort Simcoe SEA - Wellpinit
5462,West Valley Early Learning Center,f,West Valley Early Learning Center - West Valley (Spok
5463,Early Learning Center,f,Early Learning Center - Centralia
5464,FERNDALE RE-ENGAGEMENT,f,FERNDALE RE-ENGAGEMENT - Ferndale
5465,Blaine Re-Engagement,f,Blaine Re-Engagement - Blaine
5466,IMPACT Reengagement Program,f,IMPACT Reengagement Program - Lynden
5467,ESA 112 Special Ed Co-Op,f,ESA 112 Special Ed Co-Op - ESA 112
5468,Rainier Valley Leadership Academy,f,Rainier Valley Leadership Academy - Rainier Valley Charter
5469,Summit Public School: Atlas,f,Summit Public School: Atlas - Summit Atlas Charter
5470,Innovation Charter School,f,Innovation Charter School  - Innovation Charter
5471,Bethel Elementary Learning Academy,f,Bethel Elementary Learning Academy - Bethel
5472,Barker Creek Community School,f,Barker Creek Community School - Central Kitsap
5473,TAFA at Saghalie,f,TAFA at Saghalie - Federal Way
5474,Parent Community Connection,f,Parent Community Connection - Ferndale
5477,Stevens Creek Elementary,f,Stevens Creek Elementary - Lake Stevens
5478,Marysville Getchell High School,f,Marysville Getchell High School - Marysville
5479,Birth - 2 Program,f,Birth - 2 Program - Lake Washington
5480,Pacific Crest Innovation Academy,f,Pacific Crest Innovation Academy - Mill A
5481,North Creek High School,f,North Creek High School - Northshore
5482,Pathfinder Kindergarten Center,f,Pathfinder Kindergarten Center - Mukilteo
5483,Pasco Early Learning Center,f,Pasco Early Learning Center - Pasco
5484,Risdon Middle School,f,Risdon Middle School - Renton
5485,Meany Middle School,f,Meany Middle School - Seattle
5486,Robert Eagle Staff Middle School,f,Robert Eagle Staff Middle School - Seattle
5487,Cedar Park Elementary School,f,Cedar Park Elementary School - Seattle
5488,Decatur Elementary School,f,Decatur Elementary School - Seattle
5489,Cedar River Elementary,f,Cedar River Elementary - Tahoma
5490,Tahoma Elementary,f,Tahoma Elementary - Tahoma
5491,JJ Smith Elementary,f,JJ Smith Elementary - Enumclaw
5493,Leona Libby Middle School,f,Leona Libby Middle School - Richland
5494,Columbia River Gorge Elementary School,f,Columbia River Gorge Elementary School - Washougal
5495,Arlington Open Doors,f,Arlington Open Doors - Arlington
5496,Wa He Lut Indian School,f,Wa He Lut Indian School - Wa He Lut Tribal
5497,Sage Hills Open Doors,f,Sage Hills Open Doors - Ephrata
5498,Mukilteo Reengagement Academy Open Doors,f,Mukilteo Reengagement Academy Open Doors - Mukilteo
5499,CRCC-Open Doors,f,CRCC-Open Doors - North Franklin
5501,Open Doors - Youth Reengagement Program,f,Open Doors - Youth Reengagement Program - ESD 189
5502,Daybreak Youth Services,f,Daybreak Youth Services - Battle Ground
5503,Student Success Open Doors Academy,f,Student Success Open Doors Academy - Lyle
5504,WEST VALLEY VIRTUAL ACADEMY K-6,f,WEST VALLEY VIRTUAL ACADEMY K-6 - West Valley (Yak)
5505,WEST VALLEY VIRTUAL ACADEMY 7-8,f,WEST VALLEY VIRTUAL ACADEMY 7-8 - West Valley (Yak)
5506,WEST VALLEY VIRTUAL ACADEMY 9-12,f,WEST VALLEY VIRTUAL ACADEMY 9-12 - West Valley (Yak)
5507,Liberty Creek Elementary School,f,Liberty Creek Elementary School - Central Valley
5508,Wilburton Elementary School,f,Wilburton Elementary School - Bellevue
5509,James W Lintott Elementary School,f,James W Lintott Elementary School - Chehalis
5510,Orin C Smith Elementary School,f,Orin C Smith Elementary School - Chehalis
5511,Clara Barton Elementary School,f,Clara Barton Elementary School - Lake Washington
5512,Ella Baker Elementary School,f,Ella Baker Elementary School - Lake Washington
5513,Mary E. Theler Early Learning Center,f,Mary E. Theler Early Learning Center - North Mason
5514,Grays Harbor Academy,f,Grays Harbor Academy - Aberdeen
5515,Hood Canal Middle School,f,Hood Canal Middle School - Hood Canal
5516,Kettle Falls Early Learning Center,f,Kettle Falls Early Learning Center - Kettle Falls
5517,Impact | Puget Sound Elementary,f,Impact | Puget Sound Elementary - Impact Puget Sound Charter
5518,Sunset Ridge Intermediate School,f,Sunset Ridge Intermediate School - Ridgefield
5519,Sartori Elementary School,f,Sartori Elementary School - Renton
5520,Amon Creek Elementary,f,Amon Creek Elementary - Kennewick
5521,Fuerza Elementary,f,Fuerza Elementary - Kennewick
5522,Auburn Opportunity Project,f,Auburn Opportunity Project - Auburn
5523,Chewelah Open Doors Reengagement Program,f,Chewelah Open Doors Reengagement Program - Chewelah
5524,Tehaleh Heights Elementary,f,Tehaleh Heights Elementary - Sumner
5525,Open Doors,f,Open Doors - Burlington Edison
5526,Richland School District Early Learning Center,f,Richland School District Early Learning Center - Richland
5527,Steilacoom PRIDE Academy,f,Steilacoom PRIDE Academy - Steilacoom Hist.
5528,Early Childhood Center,f,Early Childhood Center - Othello
5529,Insight School of WA Open Doors Program,f,Insight School of WA Open Doors Program - Quillayute Valley
5530,Ferry County Open Doors,f,Ferry County Open Doors - Curlew
5531,Eatonville Online Academy,f,Eatonville Online Academy - Eatonville
5532,Camas School District Open Doors,f,Camas School District Open Doors - Camas
5533,Discovery High School,f,Discovery High School - Camas
5534,Odyssey Middle School,f,Odyssey Middle School - Camas
5535,Cascadia Technical Academy ALE,f,Cascadia Technical Academy ALE - Evergreen (Clark)
5536,Tukwila Online Learning,f,Tukwila Online Learning - Tukwila
5537,Prosser Opportunity Academy,f,Prosser Opportunity Academy - Prosser
5538,Home Pride,f,Home Pride - Cusick
5539,Kalispel Language Immersion School,f,Kalispel Language Immersion School - Cusick
5540,West Valley Open Doors,f,West Valley Open Doors - West Valley (Yak)
5541,Riverbend Elementary School,f,Riverbend Elementary School - Central Valley
5542,STEM Academy at SVT,f,STEM Academy at SVT - Central Valley
5543,Simcoe Elementary School,f,Simcoe Elementary School - Wapato
5544,Camas Elementary,f,Camas Elementary - Wapato
5547,Kelso Goal Oriented Learning Design,f,Kelso Goal Oriented Learning Design - Kelso
5548,Shelton Open Doors,f,Shelton Open Doors - Shelton
5549,Chief Leschi Schools,f,Chief Leschi Schools - Chief Leschi Tribal
5550,Yakama Nation School,f,Yakama Nation School - Yakama Nation Tribal
5551,Glacier Middle School,f,Glacier Middle School - Highline
5552,Selkirk Middle School,f,Selkirk Middle School - Central Valley
5553,Sage Hills ECEAP,f,Sage Hills ECEAP - Ephrata
5554,Nooksack Reengagement,f,Nooksack Reengagement - Nooksack Valley
5555,Orcas Island Montessori Public,f,Orcas Island Montessori Public - Orcas
5556,Three Rivers Elementary,f,Three Rivers Elementary - Pasco
5557,Dessie F Evans Elementary,f,Dessie F Evans Elementary  - Puyallup
5558,Ridgefield Early Learning Center,f,Ridgefield Early Learning Center - Ridgefield
5559,Griffin Bay School Open Doors,f,Griffin Bay School Open Doors - San Juan
5560,Selah Academy Auxiliary,f,Selah Academy Auxiliary - Selah
5561,Selah Academy BPL,f,Selah Academy BPL - Selah
5563,Tahoma Open Doors,f,Tahoma Open Doors - Tahoma
5564,White River Early Learning Center,f,White River Early Learning Center - White River
5565,Magnolia Elementary,f,Magnolia Elementary - Seattle
5566,Lincoln High School,f,Lincoln High School - Seattle
5567,ECEAP,f,ECEAP - Walla Walla
5568,Willard Early Learning Center,f,Willard Early Learning Center - Tacoma
5569,Valley Academy of Learning K-8,f,Valley Academy of Learning K-8 - Wenatchee
5570,Tambark Creek Elementary School,f,Tambark Creek Elementary School - Everett
5571,Highland Middle School,f,Highland Middle School - Mead
5572,Creekside Elementary School,f,Creekside Elementary School - Mead
5573,The Heights Learning Center,f,The Heights Learning Center - Camas
5574,Kamiak Elementary,f,Kamiak Elementary - Pullman
5575,College Place Open Doors Program,f,College Place Open Doors Program - College Place
5576,Highland ESD 105 Open Doors,f,Highland ESD 105 Open Doors - Highland
5577,Issaquah Preschool,f,Issaquah Preschool - Issaquah
5578,ESD 105 Open Doors,f,ESD 105 Open Doors - ESD 105
5579,Ferndale Virtual Academy,f,Ferndale Virtual Academy - Ferndale
5580,Naches Valley ESD 105 Open Doors,f,Naches Valley ESD 105 Open Doors - Naches Valley
5581,Open Doors for SHS - Stevenson,f,Open Doors for SHS - Stevenson-Carson
5582,Fife Open Doors,f,Fife Open Doors - Fife
5583,Northshore Family Partnership,f,Northshore Family Partnership - Northshore
5584,Oakville Homelink,f,Oakville Homelink - Oakville
5585,Ancient Lakes Elementary,f,Ancient Lakes Elementary - Quincy
5586,Tonasket Choice High School,f,Tonasket Choice High School - Tonasket
5587,Tonasket Outreach School,f,Tonasket Outreach School - Tonasket
5588,Open Doors,f,Open Doors - Anacortes
5589,Harriet Rowley Elementary,f,Harriet Rowley Elementary - Mt Vernon
5590,Ella Baker High School (Open Doors),f,Ella Baker High School (Open Doors) - Renton TC
5591,Renton Technical High School,f,Renton Technical High School - Renton TC
5592,North City,f,North City - Shoreline
5593,Edwin Pratt Learning Center,f,Edwin Pratt Learning Center - Shoreline
5594,Oakville Preschool,f,Oakville Preschool - Oakville
5595,Wapato ESD 105 Open Doors,f,Wapato ESD 105 Open Doors - Wapato
5596,Soar to Success,f,Soar to Success - Pasco
5597,Timberline Middle School,f,Timberline Middle School - Lake Washington
5598,Old Redmond Schoolhouse,f,Old Redmond Schoolhouse - Lake Washington
5599,Columbia Elementary,f,Columbia Elementary - Woodland
5600,North Fork Elementary School,f,North Fork Elementary School - Woodland
5602,Ashe Preparatory Academy,f,Ashe Preparatory Academy - Ashe Prep Charter
5603,Lincoln County Tech,f,Lincoln County Tech - Davenport
5604,Colville Fish Hatchery,f,Colville Fish Hatchery - Colville
5605,Ruby Bridges Elementary,f,Ruby Bridges Elementary - Northshore
5606,Innovation Lab High School,f,Innovation Lab High School - Northshore
5607,Catalyst Public Schools,f,Catalyst Public Schools - Catalyst Charter
5608,Impact | Salish Sea Elementary,f,Impact | Salish Sea Elementary - Impact Salish Sea Charter
5609,Lumen High School,f,Lumen High School - Lumen Charter
5610,Bowman Creek Elementary,f,Bowman Creek Elementary - Auburn
5611,Seaview Academy,f,Seaview Academy - Port Angeles
5612,Emerald Elementary School,f,Emerald Elementary School - Evergreen (Clark)
5613,Dungeness Virtual School,f,Dungeness Virtual School - Sequim
5614,Longview Virtual Academy,f,Longview Virtual Academy - Longview
5615,Washougal Learning Academy,f,Washougal Learning Academy - Washougal
5616,Walla Walla Center for Children and Families,f,Walla Walla Center for Children and Families - Walla Walla
5617,Dayton School District Alternative Program,f,Dayton School District Alternative Program - Dayton
5618,Washington Connections Academy Goldendale,f,Washington Connections Academy Goldendale - Goldendale
5619,Dropout Prevention and Reengagement Academy,f,Dropout Prevention and Reengagement Academy - ESD 121
5620,West Valley Virtual University,f,West Valley Virtual University - West Valley (Yak)
5621,Cedar High School,f,Cedar High School - Shelton
5622,Highline Public Schools Virtual Academy,f,Highline Public Schools Virtual Academy - Highline
5623,Columbia River Elementary,f,Columbia River Elementary - Pasco
5624,Ray Reynolds Middle School,f,Ray Reynolds Middle School - Pasco
5625,Aspire Academy,f,Aspire Academy - Mt Vernon
5626,Oak Harbor Virtual Academy,f,Oak Harbor Virtual Academy - Oak Harbor
5627,Bryant Montessori Middle School,f,Bryant Montessori Middle School - Tacoma
5629,Tumwater Virtual Academy,f,Tumwater Virtual Academy - Tumwater
5630,West Central Community Center,f,West Central Community Center - Spokane
5631,Pioneer Elementary School,f,Pioneer Elementary School - Peninsula
5632,Peninsula Alternative Programs,f,Peninsula Alternative Programs - Peninsula
5633,Bethel Virtual Academy,f,Bethel Virtual Academy - Bethel
5634,Open Door Re-Engagement,f,Open Door Re-Engagement - Othello
5635,Katherine G. Johnson Elementary School,f,Katherine G. Johnson Elementary School - Bethel
5636,Walla Walla Online,f,Walla Walla Online - Walla Walla
5637,Wenatchee Internet Academy,f,Wenatchee Internet Academy - Wenatchee
5638,Renton Online School,f,Renton Online School - Renton
5639,Pateros Alternative School,f,Pateros Alternative School - Pateros
5640,Kodiak Virtual Academy,f,Kodiak Virtual Academy - Cascade
5642,Sultan Virtual Academy,f,Sultan Virtual Academy - Sultan
5643,Lincoln County Virtual Academy,f,Lincoln County Virtual Academy - Davenport
5644,Clarkston Home Alliance,f,Clarkston Home Alliance - Clarkston
5645,Spokane Valley High School,f,Spokane Valley High School - West Valley (Spok
5646,North Kitsap Options,f,North Kitsap Options - North Kitsap
5647,Ocean Beach Alternative School,f,Ocean Beach Alternative School - Ocean Beach
5648,Quincy Innovation Academy,f,Quincy Innovation Academy - Quincy
5649,Cascade Parent Partnership Program,f,Cascade Parent Partnership Program - Seattle
5650,Quincy Innovation Academy Big Picture,f,Quincy Innovation Academy Big Picture - Quincy
5651,North Mason Online,f,North Mason Online   - North Mason
5652,Moses Lake Early Learning Center,f,Moses Lake Early Learning Center - Moses Lake
5653,North Franklin Virtual Academy,f,North Franklin Virtual Academy - North Franklin
5654,Envision Career Academy,f,Envision Career Academy - North Thurston
5655,North Bell Learning Center,f,North Bell Learning Center - Ferndale
5656,Orting Elementary Online Academy,f,Orting Elementary Online Academy - Orting
5657,Orting Secondary Online Academy,f,Orting Secondary Online Academy - Orting
5658,Skyline Elementary,f,Skyline Elementary - Mead
5659,Pullman Community Montessori,f,Pullman Community Montessori - Pullman Comm Monte Charter
5660,Ridgeline High School,f,Ridgeline High School - Central Valley
5661,Impact Public Schools,f,Impact Public Schools - Impact Commencement Bay Charter
5662,Cascade Public Schools,f,Cascade Public Schools - Why Not You Charter
5663,Harbor Open Doors,f,Harbor Open Doors - Aberdeen
5664,Auburn Online,f,Auburn Online - Auburn
5665,Pre-Primary School,f,Pre-Primary School - Bethel
5666,Rocket Virtual Academy,f,Rocket Virtual Academy - Castle Rock
5667,Central Valley Virtual Learning,f,Central Valley Virtual Learning - Central Valley
5668,Eastmont Academy,f,Eastmont Academy - Eastmont
5669,Woodway Center,f,Woodway Center - Edmonds
5670,Everett Virtual Academy,f,Everett Virtual Academy - Everett
5671,Fife Elementary School,f,Fife Elementary School - Fife
5672,Maritime High School,f,Maritime High School - Highline
5673,CEDAR TRAILS ELEMENTARY,f,CEDAR TRAILS ELEMENTARY - Issaquah
5674,COUGAR MOUNTAIN MIDDLE SCHOOL,f,COUGAR MOUNTAIN MIDDLE SCHOOL - Issaquah
5675,Lexington Elementary,f,Lexington Elementary - Kelso
5676,Kent Laboratory Academy,f,Kent Laboratory Academy - Kent
5677,River Ridge Elementary,f,River Ridge Elementary - Kent
5678,Lake Washington SD Online School,f,Lake Washington SD Online School - Lake Washington
5679,Digital Learning Center,f,Digital Learning Center - Moses Lake
5680,Vicki I. Groff Elementary,f,Vicki I. Groff Elementary - Moses Lake
5681,Newport Home Link,f,Newport Home Link - Newport
5682,Ignite Family Academy,f,Ignite Family Academy - North Thurston
5683,Summit Virtual Academy,f,Summit Virtual Academy - North Thurston
5685,Swift Water Elementary,f,Swift Water Elementary - Peninsula
5686,Pinnacles Prep Charter School,f,Pinnacles Prep Charter School - Pinnacle Prep Charter
5687,Prescott Middle School,f,Prescott Middle School - Prescott
5688,Reardan Options' Program,f,Reardan Options' Program - Reardan
5689,Pacific Crest Online Academy,f,Pacific Crest Online Academy - Richland
5690,Wisdom Ridge Academy,f,Wisdom Ridge Academy - Ridgefield
5691,Rochester Virtual Academy,f,Rochester Virtual Academy - Rochester
5692,Sedro-Woolley Virtual Learning Academy,f,Sedro-Woolley Virtual Learning Academy - Sedro Woolley
5693,Flett Middle School,f,Flett Middle School - Spokane
5694,Spokane Virtual Academy,f,Spokane Virtual Academy - Spokane
5695,Yasuhara Middle School,f,Yasuhara Middle School - Spokane
5696,Virtual Preparatory Academy,f,Virtual Preparatory Academy - Starbuck
5697,Hunt Middle School,f,Hunt Middle School - Tacoma
5698,West Valley Virtual Learning Center,f,West Valley Virtual Learning Center - West Valley (Spok
5699,West Valley Innovation Center,f,West Valley Innovation Center - West Valley (Yak)
5700,Clovis Point Elementary School,f,Clovis Point Elementary School - Eastmont
5701,Sterling Jr. High School,f,Sterling Jr. High School - Eastmont
5702,Camas Connect Academy,f,Camas Connect Academy - Camas
5703,Mukilteo Virtual Academy,f,Mukilteo Virtual Academy - Mukilteo
5704,Pioneer Virtual Academy,f,Pioneer Virtual Academy - Pioneer
5705,Walla Walla County Juvenile Detention,f,Walla Walla County Juvenile Detention - Walla Walla
5707,Peninsula Alternative Programs,f,Peninsula Alternative Programs - Highline
5710,Whatcom Intergenerational High School,f,Whatcom Intergenerational High School - Whatcom Charter
5711,Pasco Innovative Experiences and e-Learning,f,Pasco Innovative Experiences and e-Learning - Pasco
5712,Central Primary Center,f,Central Primary Center - Snohomish
5713,Vancouver Alternative Programs,f,Vancouver Alternative Programs - Vancouver
5714,Bellevue Digital Discovery,f,Bellevue Digital Discovery - Bellevue
5715,Eagle Virtual Sky Acadmey,f,Eagle Virtual Sky Acadmey - Elma
5716,Vancouver Intensive Communications Center,f,Vancouver Intensive Communications Center - Vancouver
5717,Willow Crest Elementary,f,Willow Crest Elementary - Auburn
5718,Ida Nason Aronica Elementary,f,Ida Nason Aronica Elementary - Ellensburg
5719,Kiona-Benton City Elementary,f,Kiona-Benton City Elementary - Kiona Benton
5720,Tacoma Online Elementary School,f,Tacoma Online Elementary School - Tacoma
5721,Tacoma Online Middle School,f,Tacoma Online Middle School - Tacoma
5722,Tacoma Online High School,f,Tacoma Online High School - Tacoma
5723,Wapato Online Academy K-5,f,Wapato Online Academy K-5 - Wapato
5724,Wapato Online Academy 6-8,f,Wapato Online Academy 6-8 - Wapato
5725,Wapato Online Academy 9-12,f,Wapato Online Academy 9-12 - Wapato
5726,Vanguard Academy,f,Vanguard Academy - Moses Lake
5727,Endeavor High School,f,Endeavor High School - Kennewick
5728,Lincoln County Pathways Academy,f,Lincoln County Pathways Academy - Davenport
5729,Kent Virtual Academy,f,Kent Virtual Academy - Kent
5730,Peperzak Middle School,f,Peperzak Middle School - Spokane
5731,Marysville Online High School,f,Marysville Online High School - Marysville
5732,Desert Sky Elementary,f,Desert Sky Elementary - Richland
5733,West Auburn Senior High School,f,West Auburn Senior High School - Auburn
5734,Deer Park Achievement High School,f,Deer Park Achievement High School - Deer Park
5735,Everett Virtual Academy,f,Everett Virtual Academy - Everett
5736,Impact | Black River Elementary,f,Impact | Black River Elementary - Impact Black River Charter
5737,Naches Trail Preschool,f,Naches Trail Preschool - Bethel
5738,Canyon Ridge Middle School,f,Canyon Ridge Middle School - Kent
5739,Manson Early Learning Center,f,Manson Early Learning Center - Manson
5740,Nespelem High School,f,Nespelem High School - Nespelem
5741,Hilltop Heritage Elementary School,f,Hilltop Heritage Elementary School - Renton
5742,LSSD Open Doors,f,LSSD Open Doors - Lake Stevens
5743,Spokane Public Language Immersion,f,Spokane Public Language Immersion - Spokane
5744,Ruth Bader Ginsburg Elementary School,f,Ruth Bader Ginsburg Elementary School - Vancouver
5745,Vancouver Innovation Technology and Arts Elementary,f,Vancouver Innovation Technology and Arts Elementary - Vancouver
5746,Highlands,f,Highlands - Omak
5747,Mountain View Elementary,f,Mountain View Elementary - Ferndale
5748,Boistfort Online School,f,Boistfort Online School - Boistfort
5749,Battle Ground Virtual Academy,f,Battle Ground Virtual Academy - Battle Ground
5750,WIN Academy,f,WIN Academy - Cheney
5751,Gravelly Lake K-12 Academy,f,Gravelly Lake K-12 Academy - Clover Park
5752,Nine Mile Family Partnership Program,f,Nine Mile Family Partnership Program - Nine Mile Falls
5753,Northshore Learning Options,f,Northshore Learning Options - Northshore
5754,Transition 18-21 Program,f,Transition 18-21 Program - Bethel
5755,Rooted School Washington,f,Rooted School Washington - Rooted Schools Charter
5756,Paschal Sherman Tribal,f,Paschal Sherman Tribal - Paschal Sherman Tribal
5950,Bates Technical High School,f,Bates Technical High School - Bates TC
5951,Northwest Career and Technical High School,f,Northwest Career and Technical High School - Clover Park TC
5953,Lake Washington Technical Academy,f,Lake Washington Technical Academy - Lake Wa Inst Tech
5958,Washington Network for Innovative Careers,f,Washington Network for Innovative Careers - Lake Washington
5960,Northwest Career & Technical Academy,f,Northwest Career & Technical Academy - Mt Vernon
5961,Pierce County Skills Center,f,Pierce County Skills Center - Bethel
8407,Wa He Lut Indian School,f,Wa He Lut Indian School - North Thurston
