old_name,new_name,note
,(dropped),"pandas row index, never meaningful"
class_of,class_of,
school_name,school_name,
type,type,
is_regular,is_regular,
school_code,school_code,
region,region,
school,(dropped),duplicate school name (d_school); use school_name
ms_assignment_code,ms_assignment_code,
ms_assignment,ms_assignment,
total_spend,spend_total,
total_spend_gen_ed,spend_gen_ed_total,
total_spend_spec_ed,spend_spec_ed_total,
total_spend_compensatory,spend_compensatory_total,
total_spend_lap,spend_lap_total,
total_spend_title1,spend_title1_total,
total_spend_ble,spend_ble_total,
total_spend_instr_other,spend_instr_other_total,
total_spend_district_support,spend_district_support_total,
total_spend_other,spend_other_total,
total_spend_voc,spend_voc_total,
spend_per_pupil,spend_per_pupil,
spend_gen_ed_per_pupil,spend_gen_ed_per_pupil,
spend_spec_ed_per_pupil,spend_spec_ed_per_pupil,
spend_compensatory_per_pupil,spend_compensatory_per_pupil,
spend_lap_per_pupil,spend_lap_per_pupil,
spend_title1_per_pupil,spend_title1_per_pupil,
spend_ble_per_pupil,spend_ble_per_pupil,
spend_instr_other_per_pupil,spend_instr_other_per_pupil,
spend_district_support_per_pupil,spend_district_support_per_pupil,
spend_other_per_pupil,spend_other_per_pupil,
spend_voc_per_pupil,spend_voc_per_pupil,
fte_per_pupil,staff_all_fte_per_pupil,
grade,(dropped),constant 'All Grades' by construction
school_year,school_year,
all_students,enroll_total,
military_parent,enroll_military_parent,
migrant,enroll_migrant,
low_income,enroll_low_income,
homeless,enroll_homeless,
foster_care,enroll_foster_care,
mobile,enroll_mobile,
section_504,enroll_section_504,
highly_capable,enroll_highly_capable,
english_language_learners,enroll_english_language_learners,
students_with_disabilities,enroll_students_with_disabilities,
female,enroll_female,
male,enroll_male,
gender_x,enroll_gender_x,
white,enroll_white,
black_african_american,enroll_black_african_american,
native_hawaiian_other_pacific,enroll_native_hawaiian_other_pacific,
hispanic_latino_of_any_race,enroll_hispanic_latino_of_any_race,
american_indian_alaskan_native,enroll_american_indian_alaskan_native,
asian,enroll_asian,
two_or_more_races,enroll_two_or_more_races,
pct_military_parent,enroll_pct_military_parent,
pct_migrant,enroll_pct_migrant,
pct_low_income,enroll_pct_low_income,
pct_homeless,enroll_pct_homeless,
pct_foster_care,enroll_pct_foster_care,
pct_mobile,enroll_pct_mobile,
pct_section_504,enroll_pct_section_504,
pct_highly_capable,enroll_pct_highly_capable,
pct_english_language_learners,enroll_pct_english_language_learners,
pct_students_with_disabilities,enroll_pct_students_with_disabilities,
pct_female,enroll_pct_female,
pct_male,enroll_pct_male,
pct_gender_x,enroll_pct_gender_x,
pct_white,enroll_pct_white,
pct_black_african_american,enroll_pct_black_african_american,
pct_native_hawaiian_other_pacific,enroll_pct_native_hawaiian_other_pacific,
pct_american_indian_alaskan_native,enroll_pct_american_indian_alaskan_native,
pct_hispanic_latino_of_any_race,enroll_pct_hispanic_latino_of_any_race,
pct_asian,enroll_pct_asian,
pct_two_or_more_races,enroll_pct_two_or_more_races,
school_1,(dropped),duplicate school name (F-196); use school_name
comp_amount_gen_ed,spend_gen_ed_comp,
non_comp_amount_gen_ed,spend_gen_ed_noncomp,
comp_amount_spec_ed,spend_spec_ed_comp,
non_comp_amount_spec_ed,spend_spec_ed_noncomp,
comp_amount_compensatory,spend_compensatory_comp,
non_comp_amount_compensatory,spend_compensatory_noncomp,
comp_amount_lap,spend_lap_comp,
non_comp_amount_lap,spend_lap_noncomp,
comp_amount_title1,spend_title1_comp,
non_comp_amount_title1,spend_title1_noncomp,
comp_amount_ble,spend_ble_comp,
non_comp_amount_ble,spend_ble_noncomp,
comp_amount_instr_other,spend_instr_other_comp,
non_comp_amount_instr_other,spend_instr_other_noncomp,
comp_amount_district_support,spend_district_support_comp,
non_comp_amount_district_support,spend_district_support_noncomp,
comp_amount_other,spend_other_comp,
non_comp_amount_other,spend_other_noncomp,
comp_amount_voc,spend_voc_comp,
non_comp_amount_voc,spend_voc_noncomp,
comp_amount,spend_comp,
non_comp_amount,spend_noncomp,
assignment_salary,staff_all_salary,
fte,staff_all_fte,
c_est_total_compensation,staff_all_est_compensation,
c_est_total_final_salary,staff_all_est_final_salary,
class_teacher_assignment_salary,staff_class_teacher_salary,
class_teacher_fte,staff_class_teacher_fte,
class_teacher_c_est_total_compensation,staff_class_teacher_est_compensation,
class_teacher_c_est_total_final_salary,staff_class_teacher_est_final_salary,
class_teacher_exp_50pctile,staff_class_teacher_exp_p50,
class_teacher_exp_80pctile,staff_class_teacher_exp_p80,
class_teacher_exp_avg,staff_class_teacher_exp_avg,
num_class_teachers,staff_class_teacher_count,
num_class_teachers_bachelors,staff_class_teacher_count_bachelors,
num_class_teachers_masters,staff_class_teacher_count_masters,
num_class_teachers_doctors,staff_class_teacher_count_doctors,
aide_assignment_salary,staff_aide_salary,
aide_fte,staff_aide_fte,
aide_c_est_total_compensation,staff_aide_est_compensation,
aide_c_est_total_final_salary,staff_aide_est_final_salary,
other_teacher_assignment_salary,staff_other_teacher_salary,
other_teacher_fte,staff_other_teacher_fte,
other_teacher_c_est_total_compensation,staff_other_teacher_est_compensation,
other_teacher_c_est_total_final_salary,staff_other_teacher_est_final_salary,
principal_assignment_salary,staff_principal_salary,
principal_c_est_total_compensation,staff_principal_est_compensation,
principal_c_est_total_final_salary,staff_principal_est_final_salary,
principal_exp_50pctile,staff_principal_exp_p50,
principal_exp_80pctile,staff_principal_exp_p80,
principal_exp_avg,staff_principal_exp_avg,
num_principal,staff_principal_count,
num_principal_bachelors,staff_principal_count_bachelors,
num_principal_masters,staff_principal_count_masters,
num_principal_doctors,staff_principal_count_doctors,
asst_principal_assignment_salary,staff_asst_principal_salary,
asst_principal_fte,staff_asst_principal_fte,
asst_principal_c_est_total_compensation,staff_asst_principal_est_compensation,
asst_principal_c_est_total_final_salary,staff_asst_principal_est_final_salary,
counselor_assignment_salary,staff_counselor_salary,
counselor_fte,staff_counselor_fte,
counselor_c_est_total_compensation,staff_counselor_est_compensation,
counselor_c_est_total_final_salary,staff_counselor_est_final_salary,
librarian_assignment_salary,staff_librarian_salary,
librarian_fte,staff_librarian_fte,
librarian_c_est_total_compensation,staff_librarian_est_compensation,
librarian_c_est_total_final_salary,staff_librarian_est_final_salary,
spend_grp_ex_ell_speced_comp,spend_grp_ex_ell_speced_comp_per_pupil,
spend_grp_spec_ed,spend_grp_spec_ed_per_pupil,
spend_grp_title1_lap_ble,spend_grp_title1_lap_ble_per_pupil,
OtherSchool,type_other,
K-8,type_k8,
Highschool,type_highschool,
Middle,type_middle,
Elementary,type_elementary,
r_Invalid,region_invalid,
r_NW,region_nw,
r_NE,region_ne,
r_Central,region_central,
r_SW,region_sw,
r_SE,region_se,
r_Other,region_other,
m_Meany,ms_meany,
m_Eckstein,ms_eckstein,
m_JaneAddams,ms_jane_addams,
m_Hamilton,ms_hamilton,
m_McClure,ms_mcclure,
m_RESMS,ms_resms,
m_Whitman,ms_whitman,
m_AkiKurose,ms_aki_kurose,
m_Mercer,ms_mercer,
m_Washington,ms_washington,
m_Denny,ms_denny,
m_Madison,ms_madison,
hc_Mathematics_1_Spring_Average of RITScore,map_hc_math_g1_spring_rit_avg,
hc_Mathematics_5_Spring_Average of RITScore,map_hc_math_g5_spring_rit_avg,
hc_Reading_5_Spring_Average of RITScore,map_hc_reading_g5_spring_rit_avg,
hc_Mathematics_4_Fall_Average of RITScore,map_hc_math_g4_fall_rit_avg,
hc_Mathematics_5_Fall_Average of RITScore,map_hc_math_g5_fall_rit_avg,
hc_Reading_5_Fall_Average of RITScore,map_hc_reading_g5_fall_rit_avg,
hc_Mathematics_8_Spring_Average of RITScore,map_hc_math_g8_spring_rit_avg,
hc_Mathematics_7_Spring_Average of RITScore,map_hc_math_g7_spring_rit_avg,
hc_Mathematics_4_Spring_Average of RITScore,map_hc_math_g4_spring_rit_avg,
hc_Mathematics_6_Fall_Average of RITScore,map_hc_math_g6_fall_rit_avg,
hc_Mathematics_8_Fall_Average of RITScore,map_hc_math_g8_fall_rit_avg,
hc_Mathematics_6_Spring_Average of RITScore,map_hc_math_g6_spring_rit_avg,
hc_Mathematics_7_Fall_Average of RITScore,map_hc_math_g7_fall_rit_avg,
hc_Mathematics_3_Spring_Average of RITScore,map_hc_math_g3_spring_rit_avg,
hc_Mathematics_3_Fall_Average of RITScore,map_hc_math_g3_fall_rit_avg,
hc_Reading_4_Fall_Average of RITScore,map_hc_reading_g4_fall_rit_avg,
hc_Reading_3_Fall_Average of RITScore,map_hc_reading_g3_fall_rit_avg,
hc_Reading_3_Spring_Average of RITScore,map_hc_reading_g3_spring_rit_avg,
hc_Reading_2_Fall_Average of RITScore,map_hc_reading_g2_fall_rit_avg,
hc_Reading_4_Spring_Average of RITScore,map_hc_reading_g4_spring_rit_avg,
hc_Mathematics_1_Fall_Average of RITScore,map_hc_math_g1_fall_rit_avg,
hc_Mathematics_2_Spring_Average of RITScore,map_hc_math_g2_spring_rit_avg,
hc_Reading_2_Spring_Average of RITScore,map_hc_reading_g2_spring_rit_avg,
hc_Mathematics_2_Fall_Average of RITScore,map_hc_math_g2_fall_rit_avg,
hc_Reading_1_Fall_Average of RITScore,map_hc_reading_g1_fall_rit_avg,
hc_Reading_1_Spring_Average of RITScore,map_hc_reading_g1_spring_rit_avg,
hc_Reading_8_Spring_Average of RITScore,map_hc_reading_g8_spring_rit_avg,
hc_Reading_7_Spring_Average of RITScore,map_hc_reading_g7_spring_rit_avg,
hc_Reading_6_Fall_Average of RITScore,map_hc_reading_g6_fall_rit_avg,
hc_Reading_6_Spring_Average of RITScore,map_hc_reading_g6_spring_rit_avg,
hc_Reading_8_Fall_Average of RITScore,map_hc_reading_g8_fall_rit_avg,
hc_Reading_7_Fall_Average of RITScore,map_hc_reading_g7_fall_rit_avg,
hc_Mathematics_1_Spring_StdDev of RITScore,map_hc_math_g1_spring_rit_sd,
hc_Mathematics_5_Spring_StdDev of RITScore,map_hc_math_g5_spring_rit_sd,
hc_Reading_5_Spring_StdDev of RITScore,map_hc_reading_g5_spring_rit_sd,
hc_Mathematics_4_Fall_StdDev of RITScore,map_hc_math_g4_fall_rit_sd,
hc_Mathematics_5_Fall_StdDev of RITScore,map_hc_math_g5_fall_rit_sd,
hc_Reading_5_Fall_StdDev of RITScore,map_hc_reading_g5_fall_rit_sd,
hc_Mathematics_8_Spring_StdDev of RITScore,map_hc_math_g8_spring_rit_sd,
hc_Mathematics_7_Spring_StdDev of RITScore,map_hc_math_g7_spring_rit_sd,
hc_Mathematics_4_Spring_StdDev of RITScore,map_hc_math_g4_spring_rit_sd,
hc_Mathematics_6_Fall_StdDev of RITScore,map_hc_math_g6_fall_rit_sd,
hc_Mathematics_8_Fall_StdDev of RITScore,map_hc_math_g8_fall_rit_sd,
hc_Mathematics_6_Spring_StdDev of RITScore,map_hc_math_g6_spring_rit_sd,
hc_Mathematics_7_Fall_StdDev of RITScore,map_hc_math_g7_fall_rit_sd,
hc_Mathematics_3_Spring_StdDev of RITScore,map_hc_math_g3_spring_rit_sd,
hc_Mathematics_3_Fall_StdDev of RITScore,map_hc_math_g3_fall_rit_sd,
hc_Reading_4_Fall_StdDev of RITScore,map_hc_reading_g4_fall_rit_sd,
hc_Reading_3_Fall_StdDev of RITScore,map_hc_reading_g3_fall_rit_sd,
hc_Reading_3_Spring_StdDev of RITScore,map_hc_reading_g3_spring_rit_sd,
hc_Reading_2_Fall_StdDev of RITScore,map_hc_reading_g2_fall_rit_sd,
hc_Reading_4_Spring_StdDev of RITScore,map_hc_reading_g4_spring_rit_sd,
hc_Mathematics_1_Fall_StdDev of RITScore,map_hc_math_g1_fall_rit_sd,
hc_Mathematics_2_Spring_StdDev of RITScore,map_hc_math_g2_spring_rit_sd,
hc_Reading_2_Spring_StdDev of RITScore,map_hc_reading_g2_spring_rit_sd,
hc_Mathematics_2_Fall_StdDev of RITScore,map_hc_math_g2_fall_rit_sd,
hc_Reading_1_Fall_StdDev of RITScore,map_hc_reading_g1_fall_rit_sd,
hc_Reading_1_Spring_StdDev of RITScore,map_hc_reading_g1_spring_rit_sd,
hc_Reading_8_Spring_StdDev of RITScore,map_hc_reading_g8_spring_rit_sd,
hc_Reading_7_Spring_StdDev of RITScore,map_hc_reading_g7_spring_rit_sd,
hc_Reading_6_Fall_StdDev of RITScore,map_hc_reading_g6_fall_rit_sd,
hc_Reading_6_Spring_StdDev of RITScore,map_hc_reading_g6_spring_rit_sd,
hc_Reading_8_Fall_StdDev of RITScore,map_hc_reading_g8_fall_rit_sd,
hc_Reading_7_Fall_StdDev of RITScore,map_hc_reading_g7_fall_rit_sd,
nonhc_Mathematics_1_Fall_Average RIT Score,map_nonhc_math_g1_fall_rit_avg,
nonhc_Reading_1_Fall_Average RIT Score,map_nonhc_reading_g1_fall_rit_avg,
nonhc_Mathematics_1_Spring_Average RIT Score,map_nonhc_math_g1_spring_rit_avg,
nonhc_Reading_1_Spring_Average RIT Score,map_nonhc_reading_g1_spring_rit_avg,
nonhc_Mathematics_2_Fall_Average RIT Score,map_nonhc_math_g2_fall_rit_avg,
nonhc_Reading_2_Fall_Average RIT Score,map_nonhc_reading_g2_fall_rit_avg,
nonhc_Mathematics_2_Spring_Average RIT Score,map_nonhc_math_g2_spring_rit_avg,
nonhc_Reading_2_Spring_Average RIT Score,map_nonhc_reading_g2_spring_rit_avg,
nonhc_Mathematics_3_Fall_Average RIT Score,map_nonhc_math_g3_fall_rit_avg,
nonhc_Reading_3_Fall_Average RIT Score,map_nonhc_reading_g3_fall_rit_avg,
nonhc_Mathematics_3_Spring_Average RIT Score,map_nonhc_math_g3_spring_rit_avg,
nonhc_Reading_3_Spring_Average RIT Score,map_nonhc_reading_g3_spring_rit_avg,
nonhc_Mathematics_4_Fall_Average RIT Score,map_nonhc_math_g4_fall_rit_avg,
nonhc_Reading_4_Fall_Average RIT Score,map_nonhc_reading_g4_fall_rit_avg,
nonhc_Mathematics_4_Spring_Average RIT Score,map_nonhc_math_g4_spring_rit_avg,
nonhc_Reading_4_Spring_Average RIT Score,map_nonhc_reading_g4_spring_rit_avg,
nonhc_Mathematics_5_Fall_Average RIT Score,map_nonhc_math_g5_fall_rit_avg,
nonhc_Reading_5_Fall_Average RIT Score,map_nonhc_reading_g5_fall_rit_avg,
nonhc_Mathematics_5_Spring_Average RIT Score,map_nonhc_math_g5_spring_rit_avg,
nonhc_Reading_5_Spring_Average RIT Score,map_nonhc_reading_g5_spring_rit_avg,
nonhc_Mathematics_6_Fall_Average RIT Score,map_nonhc_math_g6_fall_rit_avg,
nonhc_Reading_6_Fall_Average RIT Score,map_nonhc_reading_g6_fall_rit_avg,
nonhc_Mathematics_6_Spring_Average RIT Score,map_nonhc_math_g6_spring_rit_avg,
nonhc_Mathematics_7_Fall_Average RIT Score,map_nonhc_math_g7_fall_rit_avg,
nonhc_Reading_7_Fall_Average RIT Score,map_nonhc_reading_g7_fall_rit_avg,
nonhc_Mathematics_7_Spring_Average RIT Score,map_nonhc_math_g7_spring_rit_avg,
nonhc_Mathematics_8_Fall_Average RIT Score,map_nonhc_math_g8_fall_rit_avg,
nonhc_Reading_8_Fall_Average RIT Score,map_nonhc_reading_g8_fall_rit_avg,
nonhc_Mathematics_8_Spring_Average RIT Score,map_nonhc_math_g8_spring_rit_avg,
nonhc_Reading_8_Spring_Average RIT Score,map_nonhc_reading_g8_spring_rit_avg,
nonhc_Reading_6_Spring_Average RIT Score,map_nonhc_reading_g6_spring_rit_avg,
nonhc_Reading_7_Spring_Average RIT Score,map_nonhc_reading_g7_spring_rit_avg,
nonhc_Mathematics_1_Fall_Std Deviation,map_nonhc_math_g1_fall_rit_sd,
nonhc_Reading_1_Fall_Std Deviation,map_nonhc_reading_g1_fall_rit_sd,
nonhc_Mathematics_1_Spring_Std Deviation,map_nonhc_math_g1_spring_rit_sd,
nonhc_Reading_1_Spring_Std Deviation,map_nonhc_reading_g1_spring_rit_sd,
nonhc_Mathematics_2_Fall_Std Deviation,map_nonhc_math_g2_fall_rit_sd,
nonhc_Reading_2_Fall_Std Deviation,map_nonhc_reading_g2_fall_rit_sd,
nonhc_Mathematics_2_Spring_Std Deviation,map_nonhc_math_g2_spring_rit_sd,
nonhc_Reading_2_Spring_Std Deviation,map_nonhc_reading_g2_spring_rit_sd,
nonhc_Mathematics_3_Fall_Std Deviation,map_nonhc_math_g3_fall_rit_sd,
nonhc_Reading_3_Fall_Std Deviation,map_nonhc_reading_g3_fall_rit_sd,
nonhc_Mathematics_3_Spring_Std Deviation,map_nonhc_math_g3_spring_rit_sd,
nonhc_Reading_3_Spring_Std Deviation,map_nonhc_reading_g3_spring_rit_sd,
nonhc_Mathematics_4_Fall_Std Deviation,map_nonhc_math_g4_fall_rit_sd,
nonhc_Reading_4_Fall_Std Deviation,map_nonhc_reading_g4_fall_rit_sd,
nonhc_Mathematics_4_Spring_Std Deviation,map_nonhc_math_g4_spring_rit_sd,
nonhc_Reading_4_Spring_Std Deviation,map_nonhc_reading_g4_spring_rit_sd,
nonhc_Mathematics_5_Fall_Std Deviation,map_nonhc_math_g5_fall_rit_sd,
nonhc_Reading_5_Fall_Std Deviation,map_nonhc_reading_g5_fall_rit_sd,
nonhc_Mathematics_5_Spring_Std Deviation,map_nonhc_math_g5_spring_rit_sd,
nonhc_Reading_5_Spring_Std Deviation,map_nonhc_reading_g5_spring_rit_sd,
nonhc_Mathematics_6_Fall_Std Deviation,map_nonhc_math_g6_fall_rit_sd,
nonhc_Reading_6_Fall_Std Deviation,map_nonhc_reading_g6_fall_rit_sd,
nonhc_Mathematics_6_Spring_Std Deviation,map_nonhc_math_g6_spring_rit_sd,
nonhc_Mathematics_7_Fall_Std Deviation,map_nonhc_math_g7_fall_rit_sd,
nonhc_Reading_7_Fall_Std Deviation,map_nonhc_reading_g7_fall_rit_sd,
nonhc_Mathematics_7_Spring_Std Deviation,map_nonhc_math_g7_spring_rit_sd,
nonhc_Mathematics_8_Fall_Std Deviation,map_nonhc_math_g8_fall_rit_sd,
nonhc_Reading_8_Fall_Std Deviation,map_nonhc_reading_g8_fall_rit_sd,
nonhc_Mathematics_8_Spring_Std Deviation,map_nonhc_math_g8_spring_rit_sd,
nonhc_Reading_8_Spring_Std Deviation,map_nonhc_reading_g8_spring_rit_sd,
nonhc_Reading_6_Spring_Std Deviation,map_nonhc_reading_g6_spring_rit_sd,
nonhc_Reading_7_Spring_Std Deviation,map_nonhc_reading_g7_spring_rit_sd,
nonhc_Mathematics_1_Fall_Number of Students,map_nonhc_math_g1_fall_n_students,
nonhc_Reading_1_Fall_Number of Students,map_nonhc_reading_g1_fall_n_students,
nonhc_Mathematics_1_Spring_Number of Students,map_nonhc_math_g1_spring_n_students,
nonhc_Reading_1_Spring_Number of Students,map_nonhc_reading_g1_spring_n_students,
nonhc_Mathematics_2_Fall_Number of Students,map_nonhc_math_g2_fall_n_students,
nonhc_Reading_2_Fall_Number of Students,map_nonhc_reading_g2_fall_n_students,
nonhc_Mathematics_2_Spring_Number of Students,map_nonhc_math_g2_spring_n_students,
nonhc_Reading_2_Spring_Number of Students,map_nonhc_reading_g2_spring_n_students,
nonhc_Mathematics_3_Fall_Number of Students,map_nonhc_math_g3_fall_n_students,
nonhc_Reading_3_Fall_Number of Students,map_nonhc_reading_g3_fall_n_students,
nonhc_Mathematics_3_Spring_Number of Students,map_nonhc_math_g3_spring_n_students,
nonhc_Reading_3_Spring_Number of Students,map_nonhc_reading_g3_spring_n_students,
nonhc_Mathematics_4_Fall_Number of Students,map_nonhc_math_g4_fall_n_students,
nonhc_Reading_4_Fall_Number of Students,map_nonhc_reading_g4_fall_n_students,
nonhc_Mathematics_4_Spring_Number of Students,map_nonhc_math_g4_spring_n_students,
nonhc_Reading_4_Spring_Number of Students,map_nonhc_reading_g4_spring_n_students,
nonhc_Mathematics_5_Fall_Number of Students,map_nonhc_math_g5_fall_n_students,
nonhc_Reading_5_Fall_Number of Students,map_nonhc_reading_g5_fall_n_students,
nonhc_Mathematics_5_Spring_Number of Students,map_nonhc_math_g5_spring_n_students,
nonhc_Reading_5_Spring_Number of Students,map_nonhc_reading_g5_spring_n_students,
nonhc_Mathematics_6_Fall_Number of Students,map_nonhc_math_g6_fall_n_students,
nonhc_Reading_6_Fall_Number of Students,map_nonhc_reading_g6_fall_n_students,
nonhc_Mathematics_6_Spring_Number of Students,map_nonhc_math_g6_spring_n_students,
nonhc_Mathematics_7_Fall_Number of Students,map_nonhc_math_g7_fall_n_students,
nonhc_Reading_7_Fall_Number of Students,map_nonhc_reading_g7_fall_n_students,
nonhc_Mathematics_7_Spring_Number of Students,map_nonhc_math_g7_spring_n_students,
nonhc_Mathematics_8_Fall_Number of Students,map_nonhc_math_g8_fall_n_students,
nonhc_Reading_8_Fall_Number of Students,map_nonhc_reading_g8_fall_n_students,
nonhc_Mathematics_8_Spring_Number of Students,map_nonhc_math_g8_spring_n_students,
nonhc_Reading_8_Spring_Number of Students,map_nonhc_reading_g8_spring_n_students,
nonhc_Reading_6_Spring_Number of Students,map_nonhc_reading_g6_spring_n_students,
nonhc_Reading_7_Spring_Number of Students,map_nonhc_reading_g7_spring_n_students,
2012 Composite Score,bex_composite_score_2012,
2015 Composite Score,bex_composite_score_2015,
2020 Composite Score? (2021 FMPU),bex_composite_score_2020,
2024 BEXVI Composite Score,bex_composite_score_2024,
2022 Composite (2025 FMPU) ,bex_composite_score_2022,
2018 BCA Score,bex_bca_score_2018,
2022 BCA Score,bex_bca_score_2022,
Last Major Update,bex_last_major_update,
2022 LEA,bex_lea_2022,
Scope of Work,bex_scope_of_work,
"Health, Safety, Security & Building Condition - Raw Score",bex_condition_raw,
Min-Max Normalization (1-5 Scale),bex_condition_scaled,
Learning Environment - Raw Score,bex_learning_env_raw,
Min-Max Normalization (1-5 Scale)2,bex_learning_env_scaled,
Accessibility - Raw Score,bex_accessibility_raw,
Min-Max Normalization (1-5 Scale)3,bex_accessibility_scaled,
Facilities Planning (2032 Enrollment Forecasts/Capacity),bex_facilities_planning_raw,
Min-Max Normalization (1-5 Scale)4,bex_facilities_planning_scaled,
School Equity Index,bex_equity_index,
Min-Max Normalization (1-5 Scale)5,bex_equity_index_scaled,
Weighted Overall Score,bex_weighted_overall_score,
BEX IV Rank,bex_iv_rank,
pct_2025_utilization,bldg_utilization_pct_2025,
pct_building_condition,bldg_condition_pct,
learning_environment_score,bldg_learning_env_score,
2022_building_condition_score,bldg_condition_score_2022,
es_zone,income_es_zone,
area_worker_earnings_median,income_area_worker_earnings_median,
area_percapita_income,income_area_percapita,
bldg_staff_transfer_in,churn_transfer_in,
bldg_staff_transfer_out,churn_transfer_out,
bldg_staff_hire,churn_hire,
bldg_staff_depart,churn_depart,
bldg_staff_added,churn_added,
bldg_staff_lost,churn_lost,
bldg_staff_net_churn,churn_net,
grade_level,(dropped),constant 'All Grades' by construction
EOC_Biology_All Students_pct_noscore,asmt_eoc_biology_all_pct_noscore,
EOC_Biology_Female_pct_noscore,asmt_eoc_biology_female_pct_noscore,
EOC_Biology_Non-English Language Learners_pct_noscore,asmt_eoc_biology_non_english_language_learners_pct_noscore,
EOC_Biology_Non-Foster Care_pct_noscore,asmt_eoc_biology_non_foster_care_pct_noscore,
EOC_Biology_Non-Homeless_pct_noscore,asmt_eoc_biology_non_homeless_pct_noscore,
EOC_Biology_Non-Low-Income_pct_noscore,asmt_eoc_biology_non_low_income_pct_noscore,
EOC_Biology_Non-Migrant_pct_noscore,asmt_eoc_biology_non_migrant_pct_noscore,
EOC_Biology_Non-Students with Disabilities_pct_noscore,asmt_eoc_biology_students_without_disabilities_pct_noscore,
EOC_Biology_Unknown_pct_noscore,asmt_eoc_biology_unknown_pct_noscore,
SBAC_ELA_All Students_pct_noscore,asmt_sbac_ela_all_pct_noscore,
SBAC_ELA_Female_pct_noscore,asmt_sbac_ela_female_pct_noscore,
SBAC_ELA_Low-Income_pct_noscore,asmt_sbac_ela_low_income_pct_noscore,
SBAC_ELA_Male_pct_noscore,asmt_sbac_ela_male_pct_noscore,
SBAC_ELA_Non-English Language Learners_pct_noscore,asmt_sbac_ela_non_english_language_learners_pct_noscore,
SBAC_ELA_Non-Foster Care_pct_noscore,asmt_sbac_ela_non_foster_care_pct_noscore,
SBAC_ELA_Non-Homeless_pct_noscore,asmt_sbac_ela_non_homeless_pct_noscore,
SBAC_ELA_Non-Low-Income_pct_noscore,asmt_sbac_ela_non_low_income_pct_noscore,
SBAC_ELA_Non-Migrant_pct_noscore,asmt_sbac_ela_non_migrant_pct_noscore,
SBAC_ELA_Non-Section 504_pct_noscore,asmt_sbac_ela_non_section_504_pct_noscore,
SBAC_ELA_Non-Students with Disabilities_pct_noscore,asmt_sbac_ela_students_without_disabilities_pct_noscore,
SBAC_ELA_Section 504_pct_noscore,asmt_sbac_ela_section_504_pct_noscore,
SBAC_ELA_Unknown_pct_noscore,asmt_sbac_ela_unknown_pct_noscore,
SBAC_ELA_White_pct_noscore,asmt_sbac_ela_white_pct_noscore,
SBAC_Math_All Students_pct_noscore,asmt_sbac_math_all_pct_noscore,
SBAC_Math_Female_pct_noscore,asmt_sbac_math_female_pct_noscore,
SBAC_Math_Low-Income_pct_noscore,asmt_sbac_math_low_income_pct_noscore,
SBAC_Math_Male_pct_noscore,asmt_sbac_math_male_pct_noscore,
SBAC_Math_Non-English Language Learners_pct_noscore,asmt_sbac_math_non_english_language_learners_pct_noscore,
SBAC_Math_Non-Foster Care_pct_noscore,asmt_sbac_math_non_foster_care_pct_noscore,
SBAC_Math_Non-Homeless_pct_noscore,asmt_sbac_math_non_homeless_pct_noscore,
SBAC_Math_Non-Low-Income_pct_noscore,asmt_sbac_math_non_low_income_pct_noscore,
SBAC_Math_Non-Migrant_pct_noscore,asmt_sbac_math_non_migrant_pct_noscore,
SBAC_Math_Non-Section 504_pct_noscore,asmt_sbac_math_non_section_504_pct_noscore,
SBAC_Math_Non-Students with Disabilities_pct_noscore,asmt_sbac_math_students_without_disabilities_pct_noscore,
SBAC_Math_Section 504_pct_noscore,asmt_sbac_math_section_504_pct_noscore,
SBAC_Math_Unknown_pct_noscore,asmt_sbac_math_unknown_pct_noscore,
SBAC_Math_White_pct_noscore,asmt_sbac_math_white_pct_noscore,
MSPHSPE_Science_All Students_pct_noscore,asmt_msphspe_science_all_pct_noscore,
MSPHSPE_Science_Asian_pct_noscore,asmt_msphspe_science_asian_pct_noscore,
MSPHSPE_Science_Black/ African American_pct_noscore,asmt_msphspe_science_black_african_american_pct_noscore,
MSPHSPE_Science_Female_pct_noscore,asmt_msphspe_science_female_pct_noscore,
MSPHSPE_Science_Low-Income_pct_noscore,asmt_msphspe_science_low_income_pct_noscore,
MSPHSPE_Science_Male_pct_noscore,asmt_msphspe_science_male_pct_noscore,
MSPHSPE_Science_Non-English Language Learners_pct_noscore,asmt_msphspe_science_non_english_language_learners_pct_noscore,
MSPHSPE_Science_Non-Foster Care_pct_noscore,asmt_msphspe_science_non_foster_care_pct_noscore,
MSPHSPE_Science_Non-Homeless_pct_noscore,asmt_msphspe_science_non_homeless_pct_noscore,
MSPHSPE_Science_Non-Low-Income_pct_noscore,asmt_msphspe_science_non_low_income_pct_noscore,
MSPHSPE_Science_Non-Migrant_pct_noscore,asmt_msphspe_science_non_migrant_pct_noscore,
MSPHSPE_Science_Non-Section 504_pct_noscore,asmt_msphspe_science_non_section_504_pct_noscore,
MSPHSPE_Science_Non-Students with Disabilities_pct_noscore,asmt_msphspe_science_students_without_disabilities_pct_noscore,
MSPHSPE_Science_Students with Disabilities_pct_noscore,asmt_msphspe_science_students_with_disabilities_pct_noscore,
MSPHSPE_Science_Unknown_pct_noscore,asmt_msphspe_science_unknown_pct_noscore,
MSPHSPE_Science_White_pct_noscore,asmt_msphspe_science_white_pct_noscore,
SBAC_ELA_Asian_pct_noscore,asmt_sbac_ela_asian_pct_noscore,
SBAC_ELA_Black/ African American_pct_noscore,asmt_sbac_ela_black_african_american_pct_noscore,
SBAC_ELA_English Language Learners_pct_noscore,asmt_sbac_ela_english_language_learners_pct_noscore,
SBAC_ELA_Hispanic/ Latino of any race(s)_pct_noscore,asmt_sbac_ela_hispanic_latino_of_any_race_pct_noscore,
SBAC_ELA_Students with Disabilities_pct_noscore,asmt_sbac_ela_students_with_disabilities_pct_noscore,
SBAC_ELA_Two Or More Races_pct_noscore,asmt_sbac_ela_two_or_more_races_pct_noscore,
SBAC_Math_Asian_pct_noscore,asmt_sbac_math_asian_pct_noscore,
SBAC_Math_Black/ African American_pct_noscore,asmt_sbac_math_black_african_american_pct_noscore,
SBAC_Math_English Language Learners_pct_noscore,asmt_sbac_math_english_language_learners_pct_noscore,
SBAC_Math_Hispanic/ Latino of any race(s)_pct_noscore,asmt_sbac_math_hispanic_latino_of_any_race_pct_noscore,
SBAC_Math_Students with Disabilities_pct_noscore,asmt_sbac_math_students_with_disabilities_pct_noscore,
SBAC_Math_Two Or More Races_pct_noscore,asmt_sbac_math_two_or_more_races_pct_noscore,
EOC_Biology_Asian_pct_noscore,asmt_eoc_biology_asian_pct_noscore,
EOC_Biology_Black/ African American_pct_noscore,asmt_eoc_biology_black_african_american_pct_noscore,
EOC_Biology_English Language Learners_pct_noscore,asmt_eoc_biology_english_language_learners_pct_noscore,
EOC_Biology_Hispanic/ Latino of any race(s)_pct_noscore,asmt_eoc_biology_hispanic_latino_of_any_race_pct_noscore,
EOC_Biology_Homeless_pct_noscore,asmt_eoc_biology_homeless_pct_noscore,
EOC_Biology_Low-Income_pct_noscore,asmt_eoc_biology_low_income_pct_noscore,
EOC_Biology_Male_pct_noscore,asmt_eoc_biology_male_pct_noscore,
EOC_Biology_Non-Section 504_pct_noscore,asmt_eoc_biology_non_section_504_pct_noscore,
MSPHSPE_Science_English Language Learners_pct_noscore,asmt_msphspe_science_english_language_learners_pct_noscore,
SBAC_Math_Homeless_pct_noscore,asmt_sbac_math_homeless_pct_noscore,
MSPHSPE_Science_Hispanic/ Latino of any race(s)_pct_noscore,asmt_msphspe_science_hispanic_latino_of_any_race_pct_noscore,
MSPHSPE_Science_Two Or More Races_pct_noscore,asmt_msphspe_science_two_or_more_races_pct_noscore,
EOC_Biology_Students with Disabilities_pct_noscore,asmt_eoc_biology_students_with_disabilities_pct_noscore,
EOC_Biology_White_pct_noscore,asmt_eoc_biology_white_pct_noscore,
SBAC_ELA_Homeless_pct_noscore,asmt_sbac_ela_homeless_pct_noscore,
MSPHSPE_Science_Section 504_pct_noscore,asmt_msphspe_science_section_504_pct_noscore,
EOC_Biology_Section 504_pct_noscore,asmt_eoc_biology_section_504_pct_noscore,
EOC_Biology_Two Or More Races_pct_noscore,asmt_eoc_biology_two_or_more_races_pct_noscore,
MSPHSPE_Science_Homeless_pct_noscore,asmt_msphspe_science_homeless_pct_noscore,
AIM_ELA_All Students_pct_noscore,asmt_aim_ela_all_pct_noscore,
AIM_ELA_Non-English Language Learners_pct_noscore,asmt_aim_ela_non_english_language_learners_pct_noscore,
AIM_ELA_Non-Foster Care_pct_noscore,asmt_aim_ela_non_foster_care_pct_noscore,
AIM_ELA_Non-Homeless_pct_noscore,asmt_aim_ela_non_homeless_pct_noscore,
AIM_ELA_Non-Low-Income_pct_noscore,asmt_aim_ela_non_low_income_pct_noscore,
AIM_ELA_Non-Migrant_pct_noscore,asmt_aim_ela_non_migrant_pct_noscore,
AIM_ELA_Non-Section 504_pct_noscore,asmt_aim_ela_non_section_504_pct_noscore,
AIM_ELA_Students with Disabilities_pct_noscore,asmt_aim_ela_students_with_disabilities_pct_noscore,
AIM_ELA_Unknown_pct_noscore,asmt_aim_ela_unknown_pct_noscore,
AIM_ELA_White_pct_noscore,asmt_aim_ela_white_pct_noscore,
AIM_Math_All Students_pct_noscore,asmt_aim_math_all_pct_noscore,
AIM_Math_Non-English Language Learners_pct_noscore,asmt_aim_math_non_english_language_learners_pct_noscore,
AIM_Math_Non-Foster Care_pct_noscore,asmt_aim_math_non_foster_care_pct_noscore,
AIM_Math_Non-Homeless_pct_noscore,asmt_aim_math_non_homeless_pct_noscore,
AIM_Math_Non-Low-Income_pct_noscore,asmt_aim_math_non_low_income_pct_noscore,
AIM_Math_Non-Migrant_pct_noscore,asmt_aim_math_non_migrant_pct_noscore,
AIM_Math_Non-Section 504_pct_noscore,asmt_aim_math_non_section_504_pct_noscore,
AIM_Math_Students with Disabilities_pct_noscore,asmt_aim_math_students_with_disabilities_pct_noscore,
AIM_Math_Unknown_pct_noscore,asmt_aim_math_unknown_pct_noscore,
AIM_Math_White_pct_noscore,asmt_aim_math_white_pct_noscore,
SBAC_ELA_American Indian/ Alaskan Native_pct_noscore,asmt_sbac_ela_american_indian_alaskan_native_pct_noscore,
SBAC_ELA_Native Hawaiian/ Other Pacific Islander_pct_noscore,asmt_sbac_ela_native_hawaiian_other_pacific_pct_noscore,
SBAC_Math_American Indian/ Alaskan Native_pct_noscore,asmt_sbac_math_american_indian_alaskan_native_pct_noscore,
SBAC_Math_Native Hawaiian/ Other Pacific Islander_pct_noscore,asmt_sbac_math_native_hawaiian_other_pacific_pct_noscore,
AIM_ELA_English Language Learners_pct_noscore,asmt_aim_ela_english_language_learners_pct_noscore,
AIM_ELA_Low-Income_pct_noscore,asmt_aim_ela_low_income_pct_noscore,
AIM_Math_English Language Learners_pct_noscore,asmt_aim_math_english_language_learners_pct_noscore,
AIM_Math_Low-Income_pct_noscore,asmt_aim_math_low_income_pct_noscore,
AIM_ELA_Asian_pct_noscore,asmt_aim_ela_asian_pct_noscore,
AIM_ELA_Male_pct_noscore,asmt_aim_ela_male_pct_noscore,
AIM_Math_Asian_pct_noscore,asmt_aim_math_asian_pct_noscore,
AIM_Math_Male_pct_noscore,asmt_aim_math_male_pct_noscore,
ELPA_ELPA_All Students_pct_noscore,asmt_elpa_all_pct_noscore,
ELPA_ELPA_Asian_pct_noscore,asmt_elpa_asian_pct_noscore,
ELPA_ELPA_English Language Learners_pct_noscore,asmt_elpa_english_language_learners_pct_noscore,
ELPA_ELPA_Female_pct_noscore,asmt_elpa_female_pct_noscore,
ELPA_ELPA_Low-Income_pct_noscore,asmt_elpa_low_income_pct_noscore,
ELPA_ELPA_Male_pct_noscore,asmt_elpa_male_pct_noscore,
ELPA_ELPA_Non-Foster Care_pct_noscore,asmt_elpa_non_foster_care_pct_noscore,
ELPA_ELPA_Non-Homeless_pct_noscore,asmt_elpa_non_homeless_pct_noscore,
ELPA_ELPA_Non-Migrant_pct_noscore,asmt_elpa_non_migrant_pct_noscore,
ELPA_ELPA_Non-Section 504_pct_noscore,asmt_elpa_non_section_504_pct_noscore,
ELPA_ELPA_Non-Students with Disabilities_pct_noscore,asmt_elpa_students_without_disabilities_pct_noscore,
ELPA_ELPA_Unknown_pct_noscore,asmt_elpa_unknown_pct_noscore,
ELPA_ELPA_Black/ African American_pct_noscore,asmt_elpa_black_african_american_pct_noscore,
ELPA_ELPA_Hispanic/ Latino of any race(s)_pct_noscore,asmt_elpa_hispanic_latino_of_any_race_pct_noscore,
ELPA_ELPA_Homeless_pct_noscore,asmt_elpa_homeless_pct_noscore,
ELPA_ELPA_Migrant_pct_noscore,asmt_elpa_migrant_pct_noscore,
ELPA_ELPA_Non-Low-Income_pct_noscore,asmt_elpa_non_low_income_pct_noscore,
ELPA_ELPA_White_pct_noscore,asmt_elpa_white_pct_noscore,
ELPA_ELPA_Students with Disabilities_pct_noscore,asmt_elpa_students_with_disabilities_pct_noscore,
ELPA_ELPA_Two Or More Races_pct_noscore,asmt_elpa_two_or_more_races_pct_noscore,
ELPA_ELPA_Non-English Language Learners_pct_noscore,asmt_elpa_non_english_language_learners_pct_noscore,
SBAC_Math_Non-Military Parent_pct_noscore,asmt_sbac_math_non_military_parent_pct_noscore,
ELPA_ELPA_Non-Military Parent_pct_noscore,asmt_elpa_non_military_parent_pct_noscore,
MSPHSPE_Science_Non-Military Parent_pct_noscore,asmt_msphspe_science_non_military_parent_pct_noscore,
SBAC_ELA_Non-Military Parent_pct_noscore,asmt_sbac_ela_non_military_parent_pct_noscore,
ELPA_ELPA_Military Parent_pct_noscore,asmt_elpa_military_parent_pct_noscore,
EOC_Biology_Non-Military Parent_pct_noscore,asmt_eoc_biology_non_military_parent_pct_noscore,
AIM_ELA_Non-Military Parent_pct_noscore,asmt_aim_ela_non_military_parent_pct_noscore,
AIM_Math_Non-Military Parent_pct_noscore,asmt_aim_math_non_military_parent_pct_noscore,
WCAS_Science_All Students_pct_noscore,asmt_wcas_science_all_pct_noscore,
WCAS_Science_Female_pct_noscore,asmt_wcas_science_female_pct_noscore,
WCAS_Science_Non-English Language Learners_pct_noscore,asmt_wcas_science_non_english_language_learners_pct_noscore,
WCAS_Science_Non-Foster Care_pct_noscore,asmt_wcas_science_non_foster_care_pct_noscore,
WCAS_Science_Non-Homeless_pct_noscore,asmt_wcas_science_non_homeless_pct_noscore,
WCAS_Science_Non-Low-Income_pct_noscore,asmt_wcas_science_non_low_income_pct_noscore,
WCAS_Science_Non-Migrant_pct_noscore,asmt_wcas_science_non_migrant_pct_noscore,
WCAS_Science_Non-Military Parent_pct_noscore,asmt_wcas_science_non_military_parent_pct_noscore,
WCAS_Science_Non-Section 504_pct_noscore,asmt_wcas_science_non_section_504_pct_noscore,
WCAS_Science_Non-Students with Disabilities_pct_noscore,asmt_wcas_science_students_without_disabilities_pct_noscore,
WCAS_Science_White_pct_noscore,asmt_wcas_science_white_pct_noscore,
WCAS_Science_Asian_pct_noscore,asmt_wcas_science_asian_pct_noscore,
WCAS_Science_Black/ African American_pct_noscore,asmt_wcas_science_black_african_american_pct_noscore,
WCAS_Science_Low-Income_pct_noscore,asmt_wcas_science_low_income_pct_noscore,
WCAS_Science_Male_pct_noscore,asmt_wcas_science_male_pct_noscore,
WCAS_Science_Section 504_pct_noscore,asmt_wcas_science_section_504_pct_noscore,
WCAS_Science_Students with Disabilities_pct_noscore,asmt_wcas_science_students_with_disabilities_pct_noscore,
WCAS_Science_English Language Learners_pct_noscore,asmt_wcas_science_english_language_learners_pct_noscore,
WCAS_Science_Hispanic/ Latino of any race(s)_pct_noscore,asmt_wcas_science_hispanic_latino_of_any_race_pct_noscore,
WCAS_Science_Homeless_pct_noscore,asmt_wcas_science_homeless_pct_noscore,
WCAS_Science_Two Or More Races_pct_noscore,asmt_wcas_science_two_or_more_races_pct_noscore,
ELPA_ELPA_Native Hawaiian/ Other Pacific Islander_pct_noscore,asmt_elpa_native_hawaiian_other_pacific_pct_noscore,
SBAC_ELA_Foster Care_pct_noscore,asmt_sbac_ela_foster_care_pct_noscore,
SBAC_Math_Foster Care_pct_noscore,asmt_sbac_math_foster_care_pct_noscore,
SBAC_ELA_Gender X_pct_noscore,asmt_sbac_ela_gender_x_pct_noscore,
SBAC_Math_Gender X_pct_noscore,asmt_sbac_math_gender_x_pct_noscore,
WCAS_Science_Gender X_pct_noscore,asmt_wcas_science_gender_x_pct_noscore,
WCAS_Science_Migrant_pct_noscore,asmt_wcas_science_migrant_pct_noscore,
WCAS_Science_Native Hawaiian/ Other Pacific Islander_pct_noscore,asmt_wcas_science_native_hawaiian_other_pacific_pct_noscore,
WIDAACC_WIDAACC_All Students_pct_noscore,asmt_widaacc_all_pct_noscore,
SBAC_ELA_Military Parent_pct_noscore,asmt_sbac_ela_military_parent_pct_noscore,
SBAC_Math_Military Parent_pct_noscore,asmt_sbac_math_military_parent_pct_noscore,
EOC_Biology_All Students_pct_met_standard_numeric,asmt_eoc_biology_all_pct_met,
EOC_Biology_Female_pct_met_standard_numeric,asmt_eoc_biology_female_pct_met,
EOC_Biology_Non-English Language Learners_pct_met_standard_numeric,asmt_eoc_biology_non_english_language_learners_pct_met,
EOC_Biology_Non-Foster Care_pct_met_standard_numeric,asmt_eoc_biology_non_foster_care_pct_met,
EOC_Biology_Non-Homeless_pct_met_standard_numeric,asmt_eoc_biology_non_homeless_pct_met,
EOC_Biology_Non-Low-Income_pct_met_standard_numeric,asmt_eoc_biology_non_low_income_pct_met,
EOC_Biology_Non-Migrant_pct_met_standard_numeric,asmt_eoc_biology_non_migrant_pct_met,
EOC_Biology_Non-Students with Disabilities_pct_met_standard_numeric,asmt_eoc_biology_students_without_disabilities_pct_met,
EOC_Biology_Unknown_pct_met_standard_numeric,asmt_eoc_biology_unknown_pct_met,
SBAC_ELA_All Students_pct_met_standard_numeric,asmt_sbac_ela_all_pct_met,
SBAC_ELA_Female_pct_met_standard_numeric,asmt_sbac_ela_female_pct_met,
SBAC_ELA_Low-Income_pct_met_standard_numeric,asmt_sbac_ela_low_income_pct_met,
SBAC_ELA_Male_pct_met_standard_numeric,asmt_sbac_ela_male_pct_met,
SBAC_ELA_Non-English Language Learners_pct_met_standard_numeric,asmt_sbac_ela_non_english_language_learners_pct_met,
SBAC_ELA_Non-Foster Care_pct_met_standard_numeric,asmt_sbac_ela_non_foster_care_pct_met,
SBAC_ELA_Non-Homeless_pct_met_standard_numeric,asmt_sbac_ela_non_homeless_pct_met,
SBAC_ELA_Non-Low-Income_pct_met_standard_numeric,asmt_sbac_ela_non_low_income_pct_met,
SBAC_ELA_Non-Migrant_pct_met_standard_numeric,asmt_sbac_ela_non_migrant_pct_met,
SBAC_ELA_Non-Section 504_pct_met_standard_numeric,asmt_sbac_ela_non_section_504_pct_met,
SBAC_ELA_Non-Students with Disabilities_pct_met_standard_numeric,asmt_sbac_ela_students_without_disabilities_pct_met,
SBAC_ELA_Section 504_pct_met_standard_numeric,asmt_sbac_ela_section_504_pct_met,
SBAC_ELA_Unknown_pct_met_standard_numeric,asmt_sbac_ela_unknown_pct_met,
SBAC_ELA_White_pct_met_standard_numeric,asmt_sbac_ela_white_pct_met,
SBAC_Math_All Students_pct_met_standard_numeric,asmt_sbac_math_all_pct_met,
SBAC_Math_Female_pct_met_standard_numeric,asmt_sbac_math_female_pct_met,
SBAC_Math_Low-Income_pct_met_standard_numeric,asmt_sbac_math_low_income_pct_met,
SBAC_Math_Male_pct_met_standard_numeric,asmt_sbac_math_male_pct_met,
SBAC_Math_Non-English Language Learners_pct_met_standard_numeric,asmt_sbac_math_non_english_language_learners_pct_met,
SBAC_Math_Non-Foster Care_pct_met_standard_numeric,asmt_sbac_math_non_foster_care_pct_met,
SBAC_Math_Non-Homeless_pct_met_standard_numeric,asmt_sbac_math_non_homeless_pct_met,
SBAC_Math_Non-Low-Income_pct_met_standard_numeric,asmt_sbac_math_non_low_income_pct_met,
SBAC_Math_Non-Migrant_pct_met_standard_numeric,asmt_sbac_math_non_migrant_pct_met,
SBAC_Math_Non-Section 504_pct_met_standard_numeric,asmt_sbac_math_non_section_504_pct_met,
SBAC_Math_Non-Students with Disabilities_pct_met_standard_numeric,asmt_sbac_math_students_without_disabilities_pct_met,
SBAC_Math_Section 504_pct_met_standard_numeric,asmt_sbac_math_section_504_pct_met,
SBAC_Math_Unknown_pct_met_standard_numeric,asmt_sbac_math_unknown_pct_met,
SBAC_Math_White_pct_met_standard_numeric,asmt_sbac_math_white_pct_met,
MSPHSPE_Science_All Students_pct_met_standard_numeric,asmt_msphspe_science_all_pct_met,
MSPHSPE_Science_Asian_pct_met_standard_numeric,asmt_msphspe_science_asian_pct_met,
MSPHSPE_Science_Black/ African American_pct_met_standard_numeric,asmt_msphspe_science_black_african_american_pct_met,
MSPHSPE_Science_Female_pct_met_standard_numeric,asmt_msphspe_science_female_pct_met,
MSPHSPE_Science_Low-Income_pct_met_standard_numeric,asmt_msphspe_science_low_income_pct_met,
MSPHSPE_Science_Male_pct_met_standard_numeric,asmt_msphspe_science_male_pct_met,
MSPHSPE_Science_Non-English Language Learners_pct_met_standard_numeric,asmt_msphspe_science_non_english_language_learners_pct_met,
MSPHSPE_Science_Non-Foster Care_pct_met_standard_numeric,asmt_msphspe_science_non_foster_care_pct_met,
MSPHSPE_Science_Non-Homeless_pct_met_standard_numeric,asmt_msphspe_science_non_homeless_pct_met,
MSPHSPE_Science_Non-Low-Income_pct_met_standard_numeric,asmt_msphspe_science_non_low_income_pct_met,
MSPHSPE_Science_Non-Migrant_pct_met_standard_numeric,asmt_msphspe_science_non_migrant_pct_met,
MSPHSPE_Science_Non-Section 504_pct_met_standard_numeric,asmt_msphspe_science_non_section_504_pct_met,
MSPHSPE_Science_Non-Students with Disabilities_pct_met_standard_numeric,asmt_msphspe_science_students_without_disabilities_pct_met,
MSPHSPE_Science_Students with Disabilities_pct_met_standard_numeric,asmt_msphspe_science_students_with_disabilities_pct_met,
MSPHSPE_Science_Unknown_pct_met_standard_numeric,asmt_msphspe_science_unknown_pct_met,
MSPHSPE_Science_White_pct_met_standard_numeric,asmt_msphspe_science_white_pct_met,
SBAC_ELA_Asian_pct_met_standard_numeric,asmt_sbac_ela_asian_pct_met,
SBAC_ELA_Black/ African American_pct_met_standard_numeric,asmt_sbac_ela_black_african_american_pct_met,
SBAC_ELA_English Language Learners_pct_met_standard_numeric,asmt_sbac_ela_english_language_learners_pct_met,
SBAC_ELA_Hispanic/ Latino of any race(s)_pct_met_standard_numeric,asmt_sbac_ela_hispanic_latino_of_any_race_pct_met,
SBAC_ELA_Students with Disabilities_pct_met_standard_numeric,asmt_sbac_ela_students_with_disabilities_pct_met,
SBAC_ELA_Two Or More Races_pct_met_standard_numeric,asmt_sbac_ela_two_or_more_races_pct_met,
SBAC_Math_Asian_pct_met_standard_numeric,asmt_sbac_math_asian_pct_met,
SBAC_Math_Black/ African American_pct_met_standard_numeric,asmt_sbac_math_black_african_american_pct_met,
SBAC_Math_English Language Learners_pct_met_standard_numeric,asmt_sbac_math_english_language_learners_pct_met,
SBAC_Math_Hispanic/ Latino of any race(s)_pct_met_standard_numeric,asmt_sbac_math_hispanic_latino_of_any_race_pct_met,
SBAC_Math_Students with Disabilities_pct_met_standard_numeric,asmt_sbac_math_students_with_disabilities_pct_met,
SBAC_Math_Two Or More Races_pct_met_standard_numeric,asmt_sbac_math_two_or_more_races_pct_met,
EOC_Biology_Asian_pct_met_standard_numeric,asmt_eoc_biology_asian_pct_met,
EOC_Biology_Black/ African American_pct_met_standard_numeric,asmt_eoc_biology_black_african_american_pct_met,
EOC_Biology_English Language Learners_pct_met_standard_numeric,asmt_eoc_biology_english_language_learners_pct_met,
EOC_Biology_Hispanic/ Latino of any race(s)_pct_met_standard_numeric,asmt_eoc_biology_hispanic_latino_of_any_race_pct_met,
EOC_Biology_Homeless_pct_met_standard_numeric,asmt_eoc_biology_homeless_pct_met,
EOC_Biology_Low-Income_pct_met_standard_numeric,asmt_eoc_biology_low_income_pct_met,
EOC_Biology_Male_pct_met_standard_numeric,asmt_eoc_biology_male_pct_met,
EOC_Biology_Non-Section 504_pct_met_standard_numeric,asmt_eoc_biology_non_section_504_pct_met,
MSPHSPE_Science_English Language Learners_pct_met_standard_numeric,asmt_msphspe_science_english_language_learners_pct_met,
SBAC_Math_Homeless_pct_met_standard_numeric,asmt_sbac_math_homeless_pct_met,
MSPHSPE_Science_Hispanic/ Latino of any race(s)_pct_met_standard_numeric,asmt_msphspe_science_hispanic_latino_of_any_race_pct_met,
MSPHSPE_Science_Two Or More Races_pct_met_standard_numeric,asmt_msphspe_science_two_or_more_races_pct_met,
EOC_Biology_Students with Disabilities_pct_met_standard_numeric,asmt_eoc_biology_students_with_disabilities_pct_met,
EOC_Biology_White_pct_met_standard_numeric,asmt_eoc_biology_white_pct_met,
SBAC_ELA_Homeless_pct_met_standard_numeric,asmt_sbac_ela_homeless_pct_met,
MSPHSPE_Science_Section 504_pct_met_standard_numeric,asmt_msphspe_science_section_504_pct_met,
EOC_Biology_Section 504_pct_met_standard_numeric,asmt_eoc_biology_section_504_pct_met,
EOC_Biology_Two Or More Races_pct_met_standard_numeric,asmt_eoc_biology_two_or_more_races_pct_met,
MSPHSPE_Science_Homeless_pct_met_standard_numeric,asmt_msphspe_science_homeless_pct_met,
AIM_ELA_All Students_pct_met_standard_numeric,asmt_aim_ela_all_pct_met,
AIM_ELA_Non-English Language Learners_pct_met_standard_numeric,asmt_aim_ela_non_english_language_learners_pct_met,
AIM_ELA_Non-Foster Care_pct_met_standard_numeric,asmt_aim_ela_non_foster_care_pct_met,
AIM_ELA_Non-Homeless_pct_met_standard_numeric,asmt_aim_ela_non_homeless_pct_met,
AIM_ELA_Non-Low-Income_pct_met_standard_numeric,asmt_aim_ela_non_low_income_pct_met,
AIM_ELA_Non-Migrant_pct_met_standard_numeric,asmt_aim_ela_non_migrant_pct_met,
AIM_ELA_Non-Section 504_pct_met_standard_numeric,asmt_aim_ela_non_section_504_pct_met,
AIM_ELA_Students with Disabilities_pct_met_standard_numeric,asmt_aim_ela_students_with_disabilities_pct_met,
AIM_ELA_Unknown_pct_met_standard_numeric,asmt_aim_ela_unknown_pct_met,
AIM_ELA_White_pct_met_standard_numeric,asmt_aim_ela_white_pct_met,
AIM_Math_All Students_pct_met_standard_numeric,asmt_aim_math_all_pct_met,
AIM_Math_Non-English Language Learners_pct_met_standard_numeric,asmt_aim_math_non_english_language_learners_pct_met,
AIM_Math_Non-Foster Care_pct_met_standard_numeric,asmt_aim_math_non_foster_care_pct_met,
AIM_Math_Non-Homeless_pct_met_standard_numeric,asmt_aim_math_non_homeless_pct_met,
AIM_Math_Non-Low-Income_pct_met_standard_numeric,asmt_aim_math_non_low_income_pct_met,
AIM_Math_Non-Migrant_pct_met_standard_numeric,asmt_aim_math_non_migrant_pct_met,
AIM_Math_Non-Section 504_pct_met_standard_numeric,asmt_aim_math_non_section_504_pct_met,
AIM_Math_Students with Disabilities_pct_met_standard_numeric,asmt_aim_math_students_with_disabilities_pct_met,
AIM_Math_Unknown_pct_met_standard_numeric,asmt_aim_math_unknown_pct_met,
AIM_Math_White_pct_met_standard_numeric,asmt_aim_math_white_pct_met,
SBAC_ELA_American Indian/ Alaskan Native_pct_met_standard_numeric,asmt_sbac_ela_american_indian_alaskan_native_pct_met,
SBAC_ELA_Native Hawaiian/ Other Pacific Islander_pct_met_standard_numeric,asmt_sbac_ela_native_hawaiian_other_pacific_pct_met,
SBAC_Math_American Indian/ Alaskan Native_pct_met_standard_numeric,asmt_sbac_math_american_indian_alaskan_native_pct_met,
SBAC_Math_Native Hawaiian/ Other Pacific Islander_pct_met_standard_numeric,asmt_sbac_math_native_hawaiian_other_pacific_pct_met,
AIM_ELA_English Language Learners_pct_met_standard_numeric,asmt_aim_ela_english_language_learners_pct_met,
AIM_ELA_Low-Income_pct_met_standard_numeric,asmt_aim_ela_low_income_pct_met,
AIM_Math_English Language Learners_pct_met_standard_numeric,asmt_aim_math_english_language_learners_pct_met,
AIM_Math_Low-Income_pct_met_standard_numeric,asmt_aim_math_low_income_pct_met,
AIM_ELA_Asian_pct_met_standard_numeric,asmt_aim_ela_asian_pct_met,
AIM_ELA_Male_pct_met_standard_numeric,asmt_aim_ela_male_pct_met,
AIM_Math_Asian_pct_met_standard_numeric,asmt_aim_math_asian_pct_met,
AIM_Math_Male_pct_met_standard_numeric,asmt_aim_math_male_pct_met,
ELPA_ELPA_All Students_pct_met_standard_numeric,asmt_elpa_all_pct_met,
ELPA_ELPA_Asian_pct_met_standard_numeric,asmt_elpa_asian_pct_met,
ELPA_ELPA_English Language Learners_pct_met_standard_numeric,asmt_elpa_english_language_learners_pct_met,
ELPA_ELPA_Female_pct_met_standard_numeric,asmt_elpa_female_pct_met,
ELPA_ELPA_Low-Income_pct_met_standard_numeric,asmt_elpa_low_income_pct_met,
ELPA_ELPA_Male_pct_met_standard_numeric,asmt_elpa_male_pct_met,
ELPA_ELPA_Non-Foster Care_pct_met_standard_numeric,asmt_elpa_non_foster_care_pct_met,
ELPA_ELPA_Non-Homeless_pct_met_standard_numeric,asmt_elpa_non_homeless_pct_met,
ELPA_ELPA_Non-Migrant_pct_met_standard_numeric,asmt_elpa_non_migrant_pct_met,
ELPA_ELPA_Non-Section 504_pct_met_standard_numeric,asmt_elpa_non_section_504_pct_met,
ELPA_ELPA_Non-Students with Disabilities_pct_met_standard_numeric,asmt_elpa_students_without_disabilities_pct_met,
ELPA_ELPA_Unknown_pct_met_standard_numeric,asmt_elpa_unknown_pct_met,
ELPA_ELPA_Black/ African American_pct_met_standard_numeric,asmt_elpa_black_african_american_pct_met,
ELPA_ELPA_Hispanic/ Latino of any race(s)_pct_met_standard_numeric,asmt_elpa_hispanic_latino_of_any_race_pct_met,
ELPA_ELPA_Homeless_pct_met_standard_numeric,asmt_elpa_homeless_pct_met,
ELPA_ELPA_Migrant_pct_met_standard_numeric,asmt_elpa_migrant_pct_met,
ELPA_ELPA_Non-Low-Income_pct_met_standard_numeric,asmt_elpa_non_low_income_pct_met,
ELPA_ELPA_White_pct_met_standard_numeric,asmt_elpa_white_pct_met,
ELPA_ELPA_Students with Disabilities_pct_met_standard_numeric,asmt_elpa_students_with_disabilities_pct_met,
ELPA_ELPA_Two Or More Races_pct_met_standard_numeric,asmt_elpa_two_or_more_races_pct_met,
ELPA_ELPA_Non-English Language Learners_pct_met_standard_numeric,asmt_elpa_non_english_language_learners_pct_met,
SBAC_Math_Non-Military Parent_pct_met_standard_numeric,asmt_sbac_math_non_military_parent_pct_met,
ELPA_ELPA_Non-Military Parent_pct_met_standard_numeric,asmt_elpa_non_military_parent_pct_met,
MSPHSPE_Science_Non-Military Parent_pct_met_standard_numeric,asmt_msphspe_science_non_military_parent_pct_met,
SBAC_ELA_Non-Military Parent_pct_met_standard_numeric,asmt_sbac_ela_non_military_parent_pct_met,
ELPA_ELPA_Military Parent_pct_met_standard_numeric,asmt_elpa_military_parent_pct_met,
EOC_Biology_Non-Military Parent_pct_met_standard_numeric,asmt_eoc_biology_non_military_parent_pct_met,
AIM_ELA_Non-Military Parent_pct_met_standard_numeric,asmt_aim_ela_non_military_parent_pct_met,
AIM_Math_Non-Military Parent_pct_met_standard_numeric,asmt_aim_math_non_military_parent_pct_met,
WCAS_Science_All Students_pct_met_standard_numeric,asmt_wcas_science_all_pct_met,
WCAS_Science_Female_pct_met_standard_numeric,asmt_wcas_science_female_pct_met,
WCAS_Science_Non-English Language Learners_pct_met_standard_numeric,asmt_wcas_science_non_english_language_learners_pct_met,
WCAS_Science_Non-Foster Care_pct_met_standard_numeric,asmt_wcas_science_non_foster_care_pct_met,
WCAS_Science_Non-Homeless_pct_met_standard_numeric,asmt_wcas_science_non_homeless_pct_met,
WCAS_Science_Non-Low-Income_pct_met_standard_numeric,asmt_wcas_science_non_low_income_pct_met,
WCAS_Science_Non-Migrant_pct_met_standard_numeric,asmt_wcas_science_non_migrant_pct_met,
WCAS_Science_Non-Military Parent_pct_met_standard_numeric,asmt_wcas_science_non_military_parent_pct_met,
WCAS_Science_Non-Section 504_pct_met_standard_numeric,asmt_wcas_science_non_section_504_pct_met,
WCAS_Science_Non-Students with Disabilities_pct_met_standard_numeric,asmt_wcas_science_students_without_disabilities_pct_met,
WCAS_Science_White_pct_met_standard_numeric,asmt_wcas_science_white_pct_met,
WCAS_Science_Asian_pct_met_standard_numeric,asmt_wcas_science_asian_pct_met,
WCAS_Science_Black/ African American_pct_met_standard_numeric,asmt_wcas_science_black_african_american_pct_met,
WCAS_Science_Low-Income_pct_met_standard_numeric,asmt_wcas_science_low_income_pct_met,
WCAS_Science_Male_pct_met_standard_numeric,asmt_wcas_science_male_pct_met,
WCAS_Science_Section 504_pct_met_standard_numeric,asmt_wcas_science_section_504_pct_met,
WCAS_Science_Students with Disabilities_pct_met_standard_numeric,asmt_wcas_science_students_with_disabilities_pct_met,
WCAS_Science_English Language Learners_pct_met_standard_numeric,asmt_wcas_science_english_language_learners_pct_met,
WCAS_Science_Hispanic/ Latino of any race(s)_pct_met_standard_numeric,asmt_wcas_science_hispanic_latino_of_any_race_pct_met,
WCAS_Science_Homeless_pct_met_standard_numeric,asmt_wcas_science_homeless_pct_met,
WCAS_Science_Two Or More Races_pct_met_standard_numeric,asmt_wcas_science_two_or_more_races_pct_met,
ELPA_ELPA_Native Hawaiian/ Other Pacific Islander_pct_met_standard_numeric,asmt_elpa_native_hawaiian_other_pacific_pct_met,
SBAC_ELA_Foster Care_pct_met_standard_numeric,asmt_sbac_ela_foster_care_pct_met,
SBAC_Math_Foster Care_pct_met_standard_numeric,asmt_sbac_math_foster_care_pct_met,
SBAC_ELA_Gender X_pct_met_standard_numeric,asmt_sbac_ela_gender_x_pct_met,
SBAC_Math_Gender X_pct_met_standard_numeric,asmt_sbac_math_gender_x_pct_met,
WCAS_Science_Gender X_pct_met_standard_numeric,asmt_wcas_science_gender_x_pct_met,
WCAS_Science_Migrant_pct_met_standard_numeric,asmt_wcas_science_migrant_pct_met,
WCAS_Science_Native Hawaiian/ Other Pacific Islander_pct_met_standard_numeric,asmt_wcas_science_native_hawaiian_other_pacific_pct_met,
WIDAACC_WIDAACC_All Students_pct_met_standard_numeric,asmt_widaacc_all_pct_met,
SBAC_ELA_Military Parent_pct_met_standard_numeric,asmt_sbac_ela_military_parent_pct_met,
SBAC_Math_Military Parent_pct_met_standard_numeric,asmt_sbac_math_military_parent_pct_met,
EOC_Biology_All Students_pct_met_standard_numeric_nodat,asmt_eoc_biology_all_pct_met_exact,
EOC_Biology_Female_pct_met_standard_numeric_nodat,asmt_eoc_biology_female_pct_met_exact,
EOC_Biology_Non-English Language Learners_pct_met_standard_numeric_nodat,asmt_eoc_biology_non_english_language_learners_pct_met_exact,
EOC_Biology_Non-Foster Care_pct_met_standard_numeric_nodat,asmt_eoc_biology_non_foster_care_pct_met_exact,
EOC_Biology_Non-Homeless_pct_met_standard_numeric_nodat,asmt_eoc_biology_non_homeless_pct_met_exact,
EOC_Biology_Non-Low-Income_pct_met_standard_numeric_nodat,asmt_eoc_biology_non_low_income_pct_met_exact,
EOC_Biology_Non-Migrant_pct_met_standard_numeric_nodat,asmt_eoc_biology_non_migrant_pct_met_exact,
EOC_Biology_Non-Students with Disabilities_pct_met_standard_numeric_nodat,asmt_eoc_biology_students_without_disabilities_pct_met_exact,
EOC_Biology_Unknown_pct_met_standard_numeric_nodat,asmt_eoc_biology_unknown_pct_met_exact,
SBAC_ELA_All Students_pct_met_standard_numeric_nodat,asmt_sbac_ela_all_pct_met_exact,
SBAC_ELA_Female_pct_met_standard_numeric_nodat,asmt_sbac_ela_female_pct_met_exact,
SBAC_ELA_Low-Income_pct_met_standard_numeric_nodat,asmt_sbac_ela_low_income_pct_met_exact,
SBAC_ELA_Male_pct_met_standard_numeric_nodat,asmt_sbac_ela_male_pct_met_exact,
SBAC_ELA_Non-English Language Learners_pct_met_standard_numeric_nodat,asmt_sbac_ela_non_english_language_learners_pct_met_exact,
SBAC_ELA_Non-Foster Care_pct_met_standard_numeric_nodat,asmt_sbac_ela_non_foster_care_pct_met_exact,
SBAC_ELA_Non-Homeless_pct_met_standard_numeric_nodat,asmt_sbac_ela_non_homeless_pct_met_exact,
SBAC_ELA_Non-Low-Income_pct_met_standard_numeric_nodat,asmt_sbac_ela_non_low_income_pct_met_exact,
SBAC_ELA_Non-Migrant_pct_met_standard_numeric_nodat,asmt_sbac_ela_non_migrant_pct_met_exact,
SBAC_ELA_Non-Section 504_pct_met_standard_numeric_nodat,asmt_sbac_ela_non_section_504_pct_met_exact,
SBAC_ELA_Non-Students with Disabilities_pct_met_standard_numeric_nodat,asmt_sbac_ela_students_without_disabilities_pct_met_exact,
SBAC_ELA_Section 504_pct_met_standard_numeric_nodat,asmt_sbac_ela_section_504_pct_met_exact,
SBAC_ELA_Unknown_pct_met_standard_numeric_nodat,asmt_sbac_ela_unknown_pct_met_exact,
SBAC_ELA_White_pct_met_standard_numeric_nodat,asmt_sbac_ela_white_pct_met_exact,
SBAC_Math_All Students_pct_met_standard_numeric_nodat,asmt_sbac_math_all_pct_met_exact,
SBAC_Math_Female_pct_met_standard_numeric_nodat,asmt_sbac_math_female_pct_met_exact,
SBAC_Math_Low-Income_pct_met_standard_numeric_nodat,asmt_sbac_math_low_income_pct_met_exact,
SBAC_Math_Male_pct_met_standard_numeric_nodat,asmt_sbac_math_male_pct_met_exact,
SBAC_Math_Non-English Language Learners_pct_met_standard_numeric_nodat,asmt_sbac_math_non_english_language_learners_pct_met_exact,
SBAC_Math_Non-Foster Care_pct_met_standard_numeric_nodat,asmt_sbac_math_non_foster_care_pct_met_exact,
SBAC_Math_Non-Homeless_pct_met_standard_numeric_nodat,asmt_sbac_math_non_homeless_pct_met_exact,
SBAC_Math_Non-Low-Income_pct_met_standard_numeric_nodat,asmt_sbac_math_non_low_income_pct_met_exact,
SBAC_Math_Non-Migrant_pct_met_standard_numeric_nodat,asmt_sbac_math_non_migrant_pct_met_exact,
SBAC_Math_Non-Section 504_pct_met_standard_numeric_nodat,asmt_sbac_math_non_section_504_pct_met_exact,
SBAC_Math_Non-Students with Disabilities_pct_met_standard_numeric_nodat,asmt_sbac_math_students_without_disabilities_pct_met_exact,
SBAC_Math_Section 504_pct_met_standard_numeric_nodat,asmt_sbac_math_section_504_pct_met_exact,
SBAC_Math_Unknown_pct_met_standard_numeric_nodat,asmt_sbac_math_unknown_pct_met_exact,
SBAC_Math_White_pct_met_standard_numeric_nodat,asmt_sbac_math_white_pct_met_exact,
MSPHSPE_Science_All Students_pct_met_standard_numeric_nodat,asmt_msphspe_science_all_pct_met_exact,
MSPHSPE_Science_Asian_pct_met_standard_numeric_nodat,asmt_msphspe_science_asian_pct_met_exact,
MSPHSPE_Science_Black/ African American_pct_met_standard_numeric_nodat,asmt_msphspe_science_black_african_american_pct_met_exact,
MSPHSPE_Science_Female_pct_met_standard_numeric_nodat,asmt_msphspe_science_female_pct_met_exact,
MSPHSPE_Science_Low-Income_pct_met_standard_numeric_nodat,asmt_msphspe_science_low_income_pct_met_exact,
MSPHSPE_Science_Male_pct_met_standard_numeric_nodat,asmt_msphspe_science_male_pct_met_exact,
MSPHSPE_Science_Non-English Language Learners_pct_met_standard_numeric_nodat,asmt_msphspe_science_non_english_language_learners_pct_met_exact,
MSPHSPE_Science_Non-Foster Care_pct_met_standard_numeric_nodat,asmt_msphspe_science_non_foster_care_pct_met_exact,
MSPHSPE_Science_Non-Homeless_pct_met_standard_numeric_nodat,asmt_msphspe_science_non_homeless_pct_met_exact,
MSPHSPE_Science_Non-Low-Income_pct_met_standard_numeric_nodat,asmt_msphspe_science_non_low_income_pct_met_exact,
MSPHSPE_Science_Non-Migrant_pct_met_standard_numeric_nodat,asmt_msphspe_science_non_migrant_pct_met_exact,
MSPHSPE_Science_Non-Section 504_pct_met_standard_numeric_nodat,asmt_msphspe_science_non_section_504_pct_met_exact,
MSPHSPE_Science_Non-Students with Disabilities_pct_met_standard_numeric_nodat,asmt_msphspe_science_students_without_disabilities_pct_met_exact,
MSPHSPE_Science_Students with Disabilities_pct_met_standard_numeric_nodat,asmt_msphspe_science_students_with_disabilities_pct_met_exact,
MSPHSPE_Science_Unknown_pct_met_standard_numeric_nodat,asmt_msphspe_science_unknown_pct_met_exact,
MSPHSPE_Science_White_pct_met_standard_numeric_nodat,asmt_msphspe_science_white_pct_met_exact,
SBAC_ELA_Asian_pct_met_standard_numeric_nodat,asmt_sbac_ela_asian_pct_met_exact,
SBAC_ELA_Black/ African American_pct_met_standard_numeric_nodat,asmt_sbac_ela_black_african_american_pct_met_exact,
SBAC_ELA_English Language Learners_pct_met_standard_numeric_nodat,asmt_sbac_ela_english_language_learners_pct_met_exact,
SBAC_ELA_Hispanic/ Latino of any race(s)_pct_met_standard_numeric_nodat,asmt_sbac_ela_hispanic_latino_of_any_race_pct_met_exact,
SBAC_ELA_Students with Disabilities_pct_met_standard_numeric_nodat,asmt_sbac_ela_students_with_disabilities_pct_met_exact,
SBAC_ELA_Two Or More Races_pct_met_standard_numeric_nodat,asmt_sbac_ela_two_or_more_races_pct_met_exact,
SBAC_Math_Asian_pct_met_standard_numeric_nodat,asmt_sbac_math_asian_pct_met_exact,
SBAC_Math_Black/ African American_pct_met_standard_numeric_nodat,asmt_sbac_math_black_african_american_pct_met_exact,
SBAC_Math_English Language Learners_pct_met_standard_numeric_nodat,asmt_sbac_math_english_language_learners_pct_met_exact,
SBAC_Math_Hispanic/ Latino of any race(s)_pct_met_standard_numeric_nodat,asmt_sbac_math_hispanic_latino_of_any_race_pct_met_exact,
SBAC_Math_Students with Disabilities_pct_met_standard_numeric_nodat,asmt_sbac_math_students_with_disabilities_pct_met_exact,
SBAC_Math_Two Or More Races_pct_met_standard_numeric_nodat,asmt_sbac_math_two_or_more_races_pct_met_exact,
EOC_Biology_Asian_pct_met_standard_numeric_nodat,asmt_eoc_biology_asian_pct_met_exact,
EOC_Biology_Black/ African American_pct_met_standard_numeric_nodat,asmt_eoc_biology_black_african_american_pct_met_exact,
EOC_Biology_English Language Learners_pct_met_standard_numeric_nodat,asmt_eoc_biology_english_language_learners_pct_met_exact,
EOC_Biology_Hispanic/ Latino of any race(s)_pct_met_standard_numeric_nodat,asmt_eoc_biology_hispanic_latino_of_any_race_pct_met_exact,
EOC_Biology_Homeless_pct_met_standard_numeric_nodat,asmt_eoc_biology_homeless_pct_met_exact,
EOC_Biology_Low-Income_pct_met_standard_numeric_nodat,asmt_eoc_biology_low_income_pct_met_exact,
EOC_Biology_Male_pct_met_standard_numeric_nodat,asmt_eoc_biology_male_pct_met_exact,
EOC_Biology_Non-Section 504_pct_met_standard_numeric_nodat,asmt_eoc_biology_non_section_504_pct_met_exact,
MSPHSPE_Science_English Language Learners_pct_met_standard_numeric_nodat,asmt_msphspe_science_english_language_learners_pct_met_exact,
SBAC_Math_Homeless_pct_met_standard_numeric_nodat,asmt_sbac_math_homeless_pct_met_exact,
MSPHSPE_Science_Hispanic/ Latino of any race(s)_pct_met_standard_numeric_nodat,asmt_msphspe_science_hispanic_latino_of_any_race_pct_met_exact,
MSPHSPE_Science_Two Or More Races_pct_met_standard_numeric_nodat,asmt_msphspe_science_two_or_more_races_pct_met_exact,
EOC_Biology_Students with Disabilities_pct_met_standard_numeric_nodat,asmt_eoc_biology_students_with_disabilities_pct_met_exact,
EOC_Biology_White_pct_met_standard_numeric_nodat,asmt_eoc_biology_white_pct_met_exact,
SBAC_ELA_Homeless_pct_met_standard_numeric_nodat,asmt_sbac_ela_homeless_pct_met_exact,
MSPHSPE_Science_Section 504_pct_met_standard_numeric_nodat,asmt_msphspe_science_section_504_pct_met_exact,
EOC_Biology_Section 504_pct_met_standard_numeric_nodat,asmt_eoc_biology_section_504_pct_met_exact,
EOC_Biology_Two Or More Races_pct_met_standard_numeric_nodat,asmt_eoc_biology_two_or_more_races_pct_met_exact,
MSPHSPE_Science_Homeless_pct_met_standard_numeric_nodat,asmt_msphspe_science_homeless_pct_met_exact,
AIM_ELA_All Students_pct_met_standard_numeric_nodat,asmt_aim_ela_all_pct_met_exact,
AIM_ELA_Non-English Language Learners_pct_met_standard_numeric_nodat,asmt_aim_ela_non_english_language_learners_pct_met_exact,
AIM_ELA_Non-Foster Care_pct_met_standard_numeric_nodat,asmt_aim_ela_non_foster_care_pct_met_exact,
AIM_ELA_Non-Homeless_pct_met_standard_numeric_nodat,asmt_aim_ela_non_homeless_pct_met_exact,
AIM_ELA_Non-Low-Income_pct_met_standard_numeric_nodat,asmt_aim_ela_non_low_income_pct_met_exact,
AIM_ELA_Non-Migrant_pct_met_standard_numeric_nodat,asmt_aim_ela_non_migrant_pct_met_exact,
AIM_ELA_Non-Section 504_pct_met_standard_numeric_nodat,asmt_aim_ela_non_section_504_pct_met_exact,
AIM_ELA_Students with Disabilities_pct_met_standard_numeric_nodat,asmt_aim_ela_students_with_disabilities_pct_met_exact,
AIM_ELA_Unknown_pct_met_standard_numeric_nodat,asmt_aim_ela_unknown_pct_met_exact,
AIM_ELA_White_pct_met_standard_numeric_nodat,asmt_aim_ela_white_pct_met_exact,
AIM_Math_All Students_pct_met_standard_numeric_nodat,asmt_aim_math_all_pct_met_exact,
AIM_Math_Non-English Language Learners_pct_met_standard_numeric_nodat,asmt_aim_math_non_english_language_learners_pct_met_exact,
AIM_Math_Non-Foster Care_pct_met_standard_numeric_nodat,asmt_aim_math_non_foster_care_pct_met_exact,
AIM_Math_Non-Homeless_pct_met_standard_numeric_nodat,asmt_aim_math_non_homeless_pct_met_exact,
AIM_Math_Non-Low-Income_pct_met_standard_numeric_nodat,asmt_aim_math_non_low_income_pct_met_exact,
AIM_Math_Non-Migrant_pct_met_standard_numeric_nodat,asmt_aim_math_non_migrant_pct_met_exact,
AIM_Math_Non-Section 504_pct_met_standard_numeric_nodat,asmt_aim_math_non_section_504_pct_met_exact,
AIM_Math_Students with Disabilities_pct_met_standard_numeric_nodat,asmt_aim_math_students_with_disabilities_pct_met_exact,
AIM_Math_Unknown_pct_met_standard_numeric_nodat,asmt_aim_math_unknown_pct_met_exact,
AIM_Math_White_pct_met_standard_numeric_nodat,asmt_aim_math_white_pct_met_exact,
SBAC_ELA_American Indian/ Alaskan Native_pct_met_standard_numeric_nodat,asmt_sbac_ela_american_indian_alaskan_native_pct_met_exact,
SBAC_ELA_Native Hawaiian/ Other Pacific Islander_pct_met_standard_numeric_nodat,asmt_sbac_ela_native_hawaiian_other_pacific_pct_met_exact,
SBAC_Math_American Indian/ Alaskan Native_pct_met_standard_numeric_nodat,asmt_sbac_math_american_indian_alaskan_native_pct_met_exact,
SBAC_Math_Native Hawaiian/ Other Pacific Islander_pct_met_standard_numeric_nodat,asmt_sbac_math_native_hawaiian_other_pacific_pct_met_exact,
AIM_ELA_English Language Learners_pct_met_standard_numeric_nodat,asmt_aim_ela_english_language_learners_pct_met_exact,
AIM_ELA_Low-Income_pct_met_standard_numeric_nodat,asmt_aim_ela_low_income_pct_met_exact,
AIM_Math_English Language Learners_pct_met_standard_numeric_nodat,asmt_aim_math_english_language_learners_pct_met_exact,
AIM_Math_Low-Income_pct_met_standard_numeric_nodat,asmt_aim_math_low_income_pct_met_exact,
AIM_ELA_Asian_pct_met_standard_numeric_nodat,asmt_aim_ela_asian_pct_met_exact,
AIM_ELA_Male_pct_met_standard_numeric_nodat,asmt_aim_ela_male_pct_met_exact,
AIM_Math_Asian_pct_met_standard_numeric_nodat,asmt_aim_math_asian_pct_met_exact,
AIM_Math_Male_pct_met_standard_numeric_nodat,asmt_aim_math_male_pct_met_exact,
ELPA_ELPA_All Students_pct_met_standard_numeric_nodat,asmt_elpa_all_pct_met_exact,
ELPA_ELPA_Asian_pct_met_standard_numeric_nodat,asmt_elpa_asian_pct_met_exact,
ELPA_ELPA_English Language Learners_pct_met_standard_numeric_nodat,asmt_elpa_english_language_learners_pct_met_exact,
ELPA_ELPA_Female_pct_met_standard_numeric_nodat,asmt_elpa_female_pct_met_exact,
ELPA_ELPA_Low-Income_pct_met_standard_numeric_nodat,asmt_elpa_low_income_pct_met_exact,
ELPA_ELPA_Male_pct_met_standard_numeric_nodat,asmt_elpa_male_pct_met_exact,
ELPA_ELPA_Non-Foster Care_pct_met_standard_numeric_nodat,asmt_elpa_non_foster_care_pct_met_exact,
ELPA_ELPA_Non-Homeless_pct_met_standard_numeric_nodat,asmt_elpa_non_homeless_pct_met_exact,
ELPA_ELPA_Non-Migrant_pct_met_standard_numeric_nodat,asmt_elpa_non_migrant_pct_met_exact,
ELPA_ELPA_Non-Section 504_pct_met_standard_numeric_nodat,asmt_elpa_non_section_504_pct_met_exact,
ELPA_ELPA_Non-Students with Disabilities_pct_met_standard_numeric_nodat,asmt_elpa_students_without_disabilities_pct_met_exact,
ELPA_ELPA_Unknown_pct_met_standard_numeric_nodat,asmt_elpa_unknown_pct_met_exact,
ELPA_ELPA_Black/ African American_pct_met_standard_numeric_nodat,asmt_elpa_black_african_american_pct_met_exact,
ELPA_ELPA_Hispanic/ Latino of any race(s)_pct_met_standard_numeric_nodat,asmt_elpa_hispanic_latino_of_any_race_pct_met_exact,
ELPA_ELPA_Homeless_pct_met_standard_numeric_nodat,asmt_elpa_homeless_pct_met_exact,
ELPA_ELPA_Migrant_pct_met_standard_numeric_nodat,asmt_elpa_migrant_pct_met_exact,
ELPA_ELPA_Non-Low-Income_pct_met_standard_numeric_nodat,asmt_elpa_non_low_income_pct_met_exact,
ELPA_ELPA_White_pct_met_standard_numeric_nodat,asmt_elpa_white_pct_met_exact,
ELPA_ELPA_Students with Disabilities_pct_met_standard_numeric_nodat,asmt_elpa_students_with_disabilities_pct_met_exact,
ELPA_ELPA_Two Or More Races_pct_met_standard_numeric_nodat,asmt_elpa_two_or_more_races_pct_met_exact,
ELPA_ELPA_Non-English Language Learners_pct_met_standard_numeric_nodat,asmt_elpa_non_english_language_learners_pct_met_exact,
SBAC_Math_Non-Military Parent_pct_met_standard_numeric_nodat,asmt_sbac_math_non_military_parent_pct_met_exact,
ELPA_ELPA_Non-Military Parent_pct_met_standard_numeric_nodat,asmt_elpa_non_military_parent_pct_met_exact,
MSPHSPE_Science_Non-Military Parent_pct_met_standard_numeric_nodat,asmt_msphspe_science_non_military_parent_pct_met_exact,
SBAC_ELA_Non-Military Parent_pct_met_standard_numeric_nodat,asmt_sbac_ela_non_military_parent_pct_met_exact,
ELPA_ELPA_Military Parent_pct_met_standard_numeric_nodat,asmt_elpa_military_parent_pct_met_exact,
EOC_Biology_Non-Military Parent_pct_met_standard_numeric_nodat,asmt_eoc_biology_non_military_parent_pct_met_exact,
AIM_ELA_Non-Military Parent_pct_met_standard_numeric_nodat,asmt_aim_ela_non_military_parent_pct_met_exact,
AIM_Math_Non-Military Parent_pct_met_standard_numeric_nodat,asmt_aim_math_non_military_parent_pct_met_exact,
WCAS_Science_All Students_pct_met_standard_numeric_nodat,asmt_wcas_science_all_pct_met_exact,
WCAS_Science_Female_pct_met_standard_numeric_nodat,asmt_wcas_science_female_pct_met_exact,
WCAS_Science_Non-English Language Learners_pct_met_standard_numeric_nodat,asmt_wcas_science_non_english_language_learners_pct_met_exact,
WCAS_Science_Non-Foster Care_pct_met_standard_numeric_nodat,asmt_wcas_science_non_foster_care_pct_met_exact,
WCAS_Science_Non-Homeless_pct_met_standard_numeric_nodat,asmt_wcas_science_non_homeless_pct_met_exact,
WCAS_Science_Non-Low-Income_pct_met_standard_numeric_nodat,asmt_wcas_science_non_low_income_pct_met_exact,
WCAS_Science_Non-Migrant_pct_met_standard_numeric_nodat,asmt_wcas_science_non_migrant_pct_met_exact,
WCAS_Science_Non-Military Parent_pct_met_standard_numeric_nodat,asmt_wcas_science_non_military_parent_pct_met_exact,
WCAS_Science_Non-Section 504_pct_met_standard_numeric_nodat,asmt_wcas_science_non_section_504_pct_met_exact,
WCAS_Science_Non-Students with Disabilities_pct_met_standard_numeric_nodat,asmt_wcas_science_students_without_disabilities_pct_met_exact,
WCAS_Science_White_pct_met_standard_numeric_nodat,asmt_wcas_science_white_pct_met_exact,
WCAS_Science_Asian_pct_met_standard_numeric_nodat,asmt_wcas_science_asian_pct_met_exact,
WCAS_Science_Black/ African American_pct_met_standard_numeric_nodat,asmt_wcas_science_black_african_american_pct_met_exact,
WCAS_Science_Low-Income_pct_met_standard_numeric_nodat,asmt_wcas_science_low_income_pct_met_exact,
WCAS_Science_Male_pct_met_standard_numeric_nodat,asmt_wcas_science_male_pct_met_exact,
WCAS_Science_Section 504_pct_met_standard_numeric_nodat,asmt_wcas_science_section_504_pct_met_exact,
WCAS_Science_Students with Disabilities_pct_met_standard_numeric_nodat,asmt_wcas_science_students_with_disabilities_pct_met_exact,
WCAS_Science_English Language Learners_pct_met_standard_numeric_nodat,asmt_wcas_science_english_language_learners_pct_met_exact,
WCAS_Science_Hispanic/ Latino of any race(s)_pct_met_standard_numeric_nodat,asmt_wcas_science_hispanic_latino_of_any_race_pct_met_exact,
WCAS_Science_Homeless_pct_met_standard_numeric_nodat,asmt_wcas_science_homeless_pct_met_exact,
WCAS_Science_Two Or More Races_pct_met_standard_numeric_nodat,asmt_wcas_science_two_or_more_races_pct_met_exact,
ELPA_ELPA_Native Hawaiian/ Other Pacific Islander_pct_met_standard_numeric_nodat,asmt_elpa_native_hawaiian_other_pacific_pct_met_exact,
SBAC_ELA_Foster Care_pct_met_standard_numeric_nodat,asmt_sbac_ela_foster_care_pct_met_exact,
SBAC_Math_Foster Care_pct_met_standard_numeric_nodat,asmt_sbac_math_foster_care_pct_met_exact,
SBAC_ELA_Gender X_pct_met_standard_numeric_nodat,asmt_sbac_ela_gender_x_pct_met_exact,
SBAC_Math_Gender X_pct_met_standard_numeric_nodat,asmt_sbac_math_gender_x_pct_met_exact,
WCAS_Science_Gender X_pct_met_standard_numeric_nodat,asmt_wcas_science_gender_x_pct_met_exact,
WCAS_Science_Migrant_pct_met_standard_numeric_nodat,asmt_wcas_science_migrant_pct_met_exact,
WCAS_Science_Native Hawaiian/ Other Pacific Islander_pct_met_standard_numeric_nodat,asmt_wcas_science_native_hawaiian_other_pacific_pct_met_exact,
WIDAACC_WIDAACC_All Students_pct_met_standard_numeric_nodat,asmt_widaacc_all_pct_met_exact,
SBAC_ELA_Military Parent_pct_met_standard_numeric_nodat,asmt_sbac_ela_military_parent_pct_met_exact,
SBAC_Math_Military Parent_pct_met_standard_numeric_nodat,asmt_sbac_math_military_parent_pct_met_exact,
at_or_after_2021,at_or_after_2021,
log_enrollment,enroll_log_total,
num_students_normalized,enroll_total_normalized,
class_of_normalized,class_of_normalized,
school_code_normalized,school_code_normalized,
ms_assignment_code_normalized,ms_assignment_code_normalized,
class_teacher_exp_50pctile_normalized,staff_class_teacher_exp_p50_normalized,
pct_class_teacher_ge_bachelors,staff_class_teacher_pct_ge_bachelors,
pct_class_teacher_gt_bachelors,staff_class_teacher_pct_gt_bachelors,
class_teacher_fte_per_pupil,staff_class_teacher_fte_per_pupil,
asst_principal_fte_per_pupil,staff_asst_principal_fte_per_pupil,
other_teacher_fte_per_pupil,staff_other_teacher_fte_per_pupil,
dual_credit_All Students_percent,sqss_dual_credit_all_pct,
ninth_grade_on_track_All Students_percent,sqss_ninth_grade_on_track_all_pct,
attendance_All Students_percent,sqss_attendance_all_pct,
dual_credit_English Language Learners_percent,sqss_dual_credit_english_language_learners_pct,
dual_credit_Non-English Language Learners_percent,sqss_dual_credit_non_english_language_learners_pct,
ninth_grade_on_track_English Language Learners_percent,sqss_ninth_grade_on_track_english_language_learners_pct,
dual_credit_Black/ African American_percent,sqss_dual_credit_black_african_american_pct,merged spelling variants
attendance_English Language Learners_percent,sqss_attendance_english_language_learners_pct,
ninth_grade_on_track_Non-English Language Learners_percent,sqss_ninth_grade_on_track_non_english_language_learners_pct,
attendance_Non-English Language Learners_percent,sqss_attendance_non_english_language_learners_pct,
dual_credit_American Indian/ Alaskan Native_percent,sqss_dual_credit_american_indian_alaskan_native_pct,merged spelling variants
attendance_American Indian/ Alaskan Native_percent,sqss_attendance_american_indian_alaskan_native_pct,merged spelling variants
dual_credit_Asian_percent,sqss_dual_credit_asian_pct,
ninth_grade_on_track_Asian_percent,sqss_ninth_grade_on_track_asian_pct,
attendance_Asian_percent,sqss_attendance_asian_pct,
ninth_grade_on_track_Black/ African American_percent,sqss_ninth_grade_on_track_black_african_american_pct,merged spelling variants
attendance_Black/ African American_percent,sqss_attendance_black_african_american_pct,merged spelling variants
dual_credit_Hispanic/ Latino of any race(s)_percent,sqss_dual_credit_hispanic_latino_of_any_race_pct,merged spelling variants
ninth_grade_on_track_Hispanic/ Latino of any race(s)_percent,sqss_ninth_grade_on_track_hispanic_latino_of_any_race_pct,merged spelling variants
attendance_Hispanic/ Latino of any race(s)_percent,sqss_attendance_hispanic_latino_of_any_race_pct,merged spelling variants
dual_credit_Male_percent,sqss_dual_credit_male_pct,
dual_credit_Non-Highly Capable_percent,sqss_dual_credit_non_highly_capable_pct,
dual_credit_Native Hawaiian/ Other Pacific Islander_percent,sqss_dual_credit_native_hawaiian_other_pacific_pct,merged spelling variants
dual_credit_Two or More Races_percent,sqss_dual_credit_two_or_more_races_pct,
attendance_Native Hawaiian/ Other Pacific Islander_percent,sqss_attendance_native_hawaiian_other_pacific_pct,merged spelling variants
ninth_grade_on_track_Two or More Races_percent,sqss_ninth_grade_on_track_two_or_more_races_pct,
attendance_Two or More Races_percent,sqss_attendance_two_or_more_races_pct,
dual_credit_White_percent,sqss_dual_credit_white_pct,
ninth_grade_on_track_White_percent,sqss_ninth_grade_on_track_white_pct,
attendance_White_percent,sqss_attendance_white_pct,
dual_credit_Non-Foster Care_percent,sqss_dual_credit_non_foster_care_pct,
ninth_grade_on_track_Non-Foster Care_percent,sqss_ninth_grade_on_track_non_foster_care_pct,
attendance_Non-Foster Care_percent,sqss_attendance_non_foster_care_pct,
dual_credit_Homeless_percent,sqss_dual_credit_homeless_pct,
dual_credit_Non-Homeless_percent,sqss_dual_credit_non_homeless_pct,
dual_credit_Female_percent,sqss_dual_credit_female_pct,
ninth_grade_on_track_Female_percent,sqss_ninth_grade_on_track_female_pct,
attendance_Female_percent,sqss_attendance_female_pct,
ninth_grade_on_track_Male_percent,sqss_ninth_grade_on_track_male_pct,
attendance_Male_percent,sqss_attendance_male_pct,
dual_credit_Highly Capable_percent,sqss_dual_credit_highly_capable_pct,
ninth_grade_on_track_Highly Capable_percent,sqss_ninth_grade_on_track_highly_capable_pct,
attendance_Highly Capable_percent,sqss_attendance_highly_capable_pct,
ninth_grade_on_track_Non-Highly Capable_percent,sqss_ninth_grade_on_track_non_highly_capable_pct,
attendance_Non-Highly Capable_percent,sqss_attendance_non_highly_capable_pct,
ninth_grade_on_track_Homeless_percent,sqss_ninth_grade_on_track_homeless_pct,
attendance_Homeless_percent,sqss_attendance_homeless_pct,
dual_credit_Low-Income_percent,sqss_dual_credit_low_income_pct,merged spelling variants
dual_credit_Non-Low Income_percent,sqss_dual_credit_non_low_income_pct,
dual_credit_Non Migrant_percent,sqss_dual_credit_non_migrant_pct,merged spelling variants
ninth_grade_on_track_Non-Homeless_percent,sqss_ninth_grade_on_track_non_homeless_pct,
attendance_Non-Homeless_percent,sqss_attendance_non_homeless_pct,
ninth_grade_on_track_Low-Income_percent,sqss_ninth_grade_on_track_low_income_pct,merged spelling variants
attendance_Low-Income_percent,sqss_attendance_low_income_pct,merged spelling variants
ninth_grade_on_track_Non-Low Income_percent,sqss_ninth_grade_on_track_non_low_income_pct,
attendance_Non-Low Income_percent,sqss_attendance_non_low_income_pct,
dual_credit_Migrant_percent,sqss_dual_credit_migrant_pct,
attendance_Migrant_percent,sqss_attendance_migrant_pct,
ninth_grade_on_track_Non Migrant_percent,sqss_ninth_grade_on_track_non_migrant_pct,merged spelling variants
attendance_Non Migrant_percent,sqss_attendance_non_migrant_pct,merged spelling variants
dual_credit_Non Military Parent_percent,sqss_dual_credit_non_military_parent_pct,merged spelling variants
ninth_grade_on_track_Non Military Parent_percent,sqss_ninth_grade_on_track_non_military_parent_pct,merged spelling variants
attendance_Non Military Parent_percent,sqss_attendance_non_military_parent_pct,merged spelling variants
dual_credit_Section 504_percent,sqss_dual_credit_section_504_pct,
dual_credit_Students without Disabilities_percent,sqss_dual_credit_students_without_disabilities_pct,
dual_credit_Non Section 504_percent,sqss_dual_credit_non_section_504_pct,merged spelling variants
ninth_grade_on_track_Non Section 504_percent,sqss_ninth_grade_on_track_non_section_504_pct,merged spelling variants
attendance_Non Section 504_percent,sqss_attendance_non_section_504_pct,merged spelling variants
ninth_grade_on_track_Section 504_percent,sqss_ninth_grade_on_track_section_504_pct,
attendance_Section 504_percent,sqss_attendance_section_504_pct,
dual_credit_Students with Disabilities_percent,sqss_dual_credit_students_with_disabilities_pct,
ninth_grade_on_track_Students with Disabilities_percent,sqss_ninth_grade_on_track_students_with_disabilities_pct,
attendance_Students with Disabilities_percent,sqss_attendance_students_with_disabilities_pct,
ninth_grade_on_track_Students without Disabilities_percent,sqss_ninth_grade_on_track_students_without_disabilities_pct,
attendance_Students without Disabilities_percent,sqss_attendance_students_without_disabilities_pct,
dual_credit_Gender X_percent,sqss_dual_credit_gender_x_pct,
attendance_Gender X_percent,sqss_attendance_gender_x_pct,
dual_credit_Military Parent_percent,sqss_dual_credit_military_parent_pct,
ninth_grade_on_track_Migrant_percent,sqss_ninth_grade_on_track_migrant_pct,
attendance_Military Parent_percent,sqss_attendance_military_parent_pct,
attendance_Foster Care_percent,sqss_attendance_foster_care_pct,
attendance_Non-Migrant_percent,sqss_attendance_non_migrant_pct,merged spelling variants
attendance_Hispanic/Latino of any race(s)_percent,sqss_attendance_hispanic_latino_of_any_race_pct,merged spelling variants
attendance_Non-Section 504_percent,sqss_attendance_non_section_504_pct,merged spelling variants
attendance_Non-Military Parent_percent,sqss_attendance_non_military_parent_pct,merged spelling variants
attendance_Low Income_percent,sqss_attendance_low_income_pct,merged spelling variants
dual_credit_Non-Mobile_percent,sqss_dual_credit_non_mobile_pct,
attendance_Black/African American_percent,sqss_attendance_black_african_american_pct,merged spelling variants
attendance_Mobile_percent,sqss_attendance_mobile_pct,
attendance_Non-Mobile_percent,sqss_attendance_non_mobile_pct,
dual_credit_Low Income_percent,sqss_dual_credit_low_income_pct,merged spelling variants
dual_credit_Non-Migrant_percent,sqss_dual_credit_non_migrant_pct,merged spelling variants
dual_credit_Black/African American_percent,sqss_dual_credit_black_african_american_pct,merged spelling variants
dual_credit_Hispanic/Latino of any race(s)_percent,sqss_dual_credit_hispanic_latino_of_any_race_pct,merged spelling variants
dual_credit_Non-Section 504_percent,sqss_dual_credit_non_section_504_pct,merged spelling variants
dual_credit_Mobile_percent,sqss_dual_credit_mobile_pct,
ninth_grade_on_track_Non-Migrant_percent,sqss_ninth_grade_on_track_non_migrant_pct,merged spelling variants
ninth_grade_on_track_Low Income_percent,sqss_ninth_grade_on_track_low_income_pct,merged spelling variants
ninth_grade_on_track_Non-Section 504_percent,sqss_ninth_grade_on_track_non_section_504_pct,merged spelling variants
ninth_grade_on_track_Black/African American_percent,sqss_ninth_grade_on_track_black_african_american_pct,merged spelling variants
ninth_grade_on_track_Mobile_percent,sqss_ninth_grade_on_track_mobile_pct,
ninth_grade_on_track_Non-Mobile_percent,sqss_ninth_grade_on_track_non_mobile_pct,
dual_credit_American Indian/Alaskan Native_percent,sqss_dual_credit_american_indian_alaskan_native_pct,merged spelling variants
dual_credit_Native Hawaiian/Other Pacific Islander_percent,sqss_dual_credit_native_hawaiian_other_pacific_pct,merged spelling variants
ninth_grade_on_track_Hispanic/Latino of any race(s)_percent,sqss_ninth_grade_on_track_hispanic_latino_of_any_race_pct,merged spelling variants
attendance_American Indian/Alaskan Native_percent,sqss_attendance_american_indian_alaskan_native_pct,merged spelling variants
attendance_Native Hawaiian/Other Pacific Islander_percent,sqss_attendance_native_hawaiian_other_pacific_pct,merged spelling variants
ninth_grade_on_track_Non-Military Parent_percent,sqss_ninth_grade_on_track_non_military_parent_pct,merged spelling variants
ninth_grade_on_track_Gender X_percent,sqss_ninth_grade_on_track_gender_x_pct,
dual_credit_Non-Military Parent_percent,sqss_dual_credit_non_military_parent_pct,merged spelling variants
dual_credit_All Students_numerator,sqss_dual_credit_all_num,
ninth_grade_on_track_All Students_numerator,sqss_ninth_grade_on_track_all_num,
attendance_All Students_numerator,sqss_attendance_all_num,
dual_credit_English Language Learners_numerator,sqss_dual_credit_english_language_learners_num,
dual_credit_Non-English Language Learners_numerator,sqss_dual_credit_non_english_language_learners_num,
ninth_grade_on_track_English Language Learners_numerator,sqss_ninth_grade_on_track_english_language_learners_num,
dual_credit_Black/ African American_numerator,sqss_dual_credit_black_african_american_num,merged spelling variants
attendance_English Language Learners_numerator,sqss_attendance_english_language_learners_num,
ninth_grade_on_track_Non-English Language Learners_numerator,sqss_ninth_grade_on_track_non_english_language_learners_num,
attendance_Non-English Language Learners_numerator,sqss_attendance_non_english_language_learners_num,
dual_credit_American Indian/ Alaskan Native_numerator,sqss_dual_credit_american_indian_alaskan_native_num,merged spelling variants
attendance_American Indian/ Alaskan Native_numerator,sqss_attendance_american_indian_alaskan_native_num,merged spelling variants
dual_credit_Asian_numerator,sqss_dual_credit_asian_num,
ninth_grade_on_track_Asian_numerator,sqss_ninth_grade_on_track_asian_num,
attendance_Asian_numerator,sqss_attendance_asian_num,
ninth_grade_on_track_Black/ African American_numerator,sqss_ninth_grade_on_track_black_african_american_num,merged spelling variants
attendance_Black/ African American_numerator,sqss_attendance_black_african_american_num,merged spelling variants
dual_credit_Hispanic/ Latino of any race(s)_numerator,sqss_dual_credit_hispanic_latino_of_any_race_num,merged spelling variants
ninth_grade_on_track_Hispanic/ Latino of any race(s)_numerator,sqss_ninth_grade_on_track_hispanic_latino_of_any_race_num,merged spelling variants
attendance_Hispanic/ Latino of any race(s)_numerator,sqss_attendance_hispanic_latino_of_any_race_num,merged spelling variants
dual_credit_Male_numerator,sqss_dual_credit_male_num,
dual_credit_Non-Highly Capable_numerator,sqss_dual_credit_non_highly_capable_num,
dual_credit_Native Hawaiian/ Other Pacific Islander_numerator,sqss_dual_credit_native_hawaiian_other_pacific_num,merged spelling variants
dual_credit_Two or More Races_numerator,sqss_dual_credit_two_or_more_races_num,
attendance_Native Hawaiian/ Other Pacific Islander_numerator,sqss_attendance_native_hawaiian_other_pacific_num,merged spelling variants
ninth_grade_on_track_Two or More Races_numerator,sqss_ninth_grade_on_track_two_or_more_races_num,
attendance_Two or More Races_numerator,sqss_attendance_two_or_more_races_num,
dual_credit_White_numerator,sqss_dual_credit_white_num,
ninth_grade_on_track_White_numerator,sqss_ninth_grade_on_track_white_num,
attendance_White_numerator,sqss_attendance_white_num,
dual_credit_Non-Foster Care_numerator,sqss_dual_credit_non_foster_care_num,
ninth_grade_on_track_Non-Foster Care_numerator,sqss_ninth_grade_on_track_non_foster_care_num,
attendance_Non-Foster Care_numerator,sqss_attendance_non_foster_care_num,
dual_credit_Homeless_numerator,sqss_dual_credit_homeless_num,
dual_credit_Non-Homeless_numerator,sqss_dual_credit_non_homeless_num,
dual_credit_Female_numerator,sqss_dual_credit_female_num,
ninth_grade_on_track_Female_numerator,sqss_ninth_grade_on_track_female_num,
attendance_Female_numerator,sqss_attendance_female_num,
ninth_grade_on_track_Male_numerator,sqss_ninth_grade_on_track_male_num,
attendance_Male_numerator,sqss_attendance_male_num,
dual_credit_Highly Capable_numerator,sqss_dual_credit_highly_capable_num,
ninth_grade_on_track_Highly Capable_numerator,sqss_ninth_grade_on_track_highly_capable_num,
attendance_Highly Capable_numerator,sqss_attendance_highly_capable_num,
ninth_grade_on_track_Non-Highly Capable_numerator,sqss_ninth_grade_on_track_non_highly_capable_num,
attendance_Non-Highly Capable_numerator,sqss_attendance_non_highly_capable_num,
ninth_grade_on_track_Homeless_numerator,sqss_ninth_grade_on_track_homeless_num,
attendance_Homeless_numerator,sqss_attendance_homeless_num,
dual_credit_Low-Income_numerator,sqss_dual_credit_low_income_num,merged spelling variants
dual_credit_Non-Low Income_numerator,sqss_dual_credit_non_low_income_num,
dual_credit_Non Migrant_numerator,sqss_dual_credit_non_migrant_num,merged spelling variants
ninth_grade_on_track_Non-Homeless_numerator,sqss_ninth_grade_on_track_non_homeless_num,
attendance_Non-Homeless_numerator,sqss_attendance_non_homeless_num,
ninth_grade_on_track_Low-Income_numerator,sqss_ninth_grade_on_track_low_income_num,merged spelling variants
attendance_Low-Income_numerator,sqss_attendance_low_income_num,merged spelling variants
ninth_grade_on_track_Non-Low Income_numerator,sqss_ninth_grade_on_track_non_low_income_num,
attendance_Non-Low Income_numerator,sqss_attendance_non_low_income_num,
dual_credit_Migrant_numerator,sqss_dual_credit_migrant_num,
attendance_Migrant_numerator,sqss_attendance_migrant_num,
ninth_grade_on_track_Non Migrant_numerator,sqss_ninth_grade_on_track_non_migrant_num,merged spelling variants
attendance_Non Migrant_numerator,sqss_attendance_non_migrant_num,merged spelling variants
dual_credit_Non Military Parent_numerator,sqss_dual_credit_non_military_parent_num,merged spelling variants
ninth_grade_on_track_Non Military Parent_numerator,sqss_ninth_grade_on_track_non_military_parent_num,merged spelling variants
attendance_Non Military Parent_numerator,sqss_attendance_non_military_parent_num,merged spelling variants
dual_credit_Section 504_numerator,sqss_dual_credit_section_504_num,
dual_credit_Students without Disabilities_numerator,sqss_dual_credit_students_without_disabilities_num,
dual_credit_Non Section 504_numerator,sqss_dual_credit_non_section_504_num,merged spelling variants
ninth_grade_on_track_Non Section 504_numerator,sqss_ninth_grade_on_track_non_section_504_num,merged spelling variants
attendance_Non Section 504_numerator,sqss_attendance_non_section_504_num,merged spelling variants
ninth_grade_on_track_Section 504_numerator,sqss_ninth_grade_on_track_section_504_num,
attendance_Section 504_numerator,sqss_attendance_section_504_num,
dual_credit_Students with Disabilities_numerator,sqss_dual_credit_students_with_disabilities_num,
ninth_grade_on_track_Students with Disabilities_numerator,sqss_ninth_grade_on_track_students_with_disabilities_num,
attendance_Students with Disabilities_numerator,sqss_attendance_students_with_disabilities_num,
ninth_grade_on_track_Students without Disabilities_numerator,sqss_ninth_grade_on_track_students_without_disabilities_num,
attendance_Students without Disabilities_numerator,sqss_attendance_students_without_disabilities_num,
dual_credit_Gender X_numerator,sqss_dual_credit_gender_x_num,
attendance_Gender X_numerator,sqss_attendance_gender_x_num,
dual_credit_Military Parent_numerator,sqss_dual_credit_military_parent_num,
ninth_grade_on_track_Migrant_numerator,sqss_ninth_grade_on_track_migrant_num,
attendance_Military Parent_numerator,sqss_attendance_military_parent_num,
attendance_Foster Care_numerator,sqss_attendance_foster_care_num,
attendance_Non-Migrant_numerator,sqss_attendance_non_migrant_num,merged spelling variants
attendance_Hispanic/Latino of any race(s)_numerator,sqss_attendance_hispanic_latino_of_any_race_num,merged spelling variants
attendance_Non-Section 504_numerator,sqss_attendance_non_section_504_num,merged spelling variants
attendance_Non-Military Parent_numerator,sqss_attendance_non_military_parent_num,merged spelling variants
attendance_Low Income_numerator,sqss_attendance_low_income_num,merged spelling variants
dual_credit_Non-Mobile_numerator,sqss_dual_credit_non_mobile_num,
attendance_Black/African American_numerator,sqss_attendance_black_african_american_num,merged spelling variants
attendance_Mobile_numerator,sqss_attendance_mobile_num,
attendance_Non-Mobile_numerator,sqss_attendance_non_mobile_num,
dual_credit_Low Income_numerator,sqss_dual_credit_low_income_num,merged spelling variants
dual_credit_Non-Migrant_numerator,sqss_dual_credit_non_migrant_num,merged spelling variants
dual_credit_Black/African American_numerator,sqss_dual_credit_black_african_american_num,merged spelling variants
dual_credit_Hispanic/Latino of any race(s)_numerator,sqss_dual_credit_hispanic_latino_of_any_race_num,merged spelling variants
dual_credit_Non-Section 504_numerator,sqss_dual_credit_non_section_504_num,merged spelling variants
dual_credit_Mobile_numerator,sqss_dual_credit_mobile_num,
ninth_grade_on_track_Non-Migrant_numerator,sqss_ninth_grade_on_track_non_migrant_num,merged spelling variants
ninth_grade_on_track_Low Income_numerator,sqss_ninth_grade_on_track_low_income_num,merged spelling variants
ninth_grade_on_track_Non-Section 504_numerator,sqss_ninth_grade_on_track_non_section_504_num,merged spelling variants
ninth_grade_on_track_Black/African American_numerator,sqss_ninth_grade_on_track_black_african_american_num,merged spelling variants
ninth_grade_on_track_Mobile_numerator,sqss_ninth_grade_on_track_mobile_num,
ninth_grade_on_track_Non-Mobile_numerator,sqss_ninth_grade_on_track_non_mobile_num,
dual_credit_American Indian/Alaskan Native_numerator,sqss_dual_credit_american_indian_alaskan_native_num,merged spelling variants
dual_credit_Native Hawaiian/Other Pacific Islander_numerator,sqss_dual_credit_native_hawaiian_other_pacific_num,merged spelling variants
ninth_grade_on_track_Hispanic/Latino of any race(s)_numerator,sqss_ninth_grade_on_track_hispanic_latino_of_any_race_num,merged spelling variants
attendance_American Indian/Alaskan Native_numerator,sqss_attendance_american_indian_alaskan_native_num,merged spelling variants
attendance_Native Hawaiian/Other Pacific Islander_numerator,sqss_attendance_native_hawaiian_other_pacific_num,merged spelling variants
ninth_grade_on_track_Non-Military Parent_numerator,sqss_ninth_grade_on_track_non_military_parent_num,merged spelling variants
ninth_grade_on_track_Gender X_numerator,sqss_ninth_grade_on_track_gender_x_num,
dual_credit_Non-Military Parent_numerator,sqss_dual_credit_non_military_parent_num,merged spelling variants
dual_credit_All Students_denominator,sqss_dual_credit_all_den,
ninth_grade_on_track_All Students_denominator,sqss_ninth_grade_on_track_all_den,
attendance_All Students_denominator,sqss_attendance_all_den,
dual_credit_English Language Learners_denominator,sqss_dual_credit_english_language_learners_den,
dual_credit_Non-English Language Learners_denominator,sqss_dual_credit_non_english_language_learners_den,
ninth_grade_on_track_English Language Learners_denominator,sqss_ninth_grade_on_track_english_language_learners_den,
dual_credit_Black/ African American_denominator,sqss_dual_credit_black_african_american_den,merged spelling variants
attendance_English Language Learners_denominator,sqss_attendance_english_language_learners_den,
ninth_grade_on_track_Non-English Language Learners_denominator,sqss_ninth_grade_on_track_non_english_language_learners_den,
attendance_Non-English Language Learners_denominator,sqss_attendance_non_english_language_learners_den,
dual_credit_American Indian/ Alaskan Native_denominator,sqss_dual_credit_american_indian_alaskan_native_den,merged spelling variants
attendance_American Indian/ Alaskan Native_denominator,sqss_attendance_american_indian_alaskan_native_den,merged spelling variants
dual_credit_Asian_denominator,sqss_dual_credit_asian_den,
ninth_grade_on_track_Asian_denominator,sqss_ninth_grade_on_track_asian_den,
attendance_Asian_denominator,sqss_attendance_asian_den,
ninth_grade_on_track_Black/ African American_denominator,sqss_ninth_grade_on_track_black_african_american_den,merged spelling variants
attendance_Black/ African American_denominator,sqss_attendance_black_african_american_den,merged spelling variants
dual_credit_Hispanic/ Latino of any race(s)_denominator,sqss_dual_credit_hispanic_latino_of_any_race_den,merged spelling variants
ninth_grade_on_track_Hispanic/ Latino of any race(s)_denominator,sqss_ninth_grade_on_track_hispanic_latino_of_any_race_den,merged spelling variants
attendance_Hispanic/ Latino of any race(s)_denominator,sqss_attendance_hispanic_latino_of_any_race_den,merged spelling variants
dual_credit_Male_denominator,sqss_dual_credit_male_den,
dual_credit_Non-Highly Capable_denominator,sqss_dual_credit_non_highly_capable_den,
dual_credit_Native Hawaiian/ Other Pacific Islander_denominator,sqss_dual_credit_native_hawaiian_other_pacific_den,merged spelling variants
dual_credit_Two or More Races_denominator,sqss_dual_credit_two_or_more_races_den,
attendance_Native Hawaiian/ Other Pacific Islander_denominator,sqss_attendance_native_hawaiian_other_pacific_den,merged spelling variants
ninth_grade_on_track_Two or More Races_denominator,sqss_ninth_grade_on_track_two_or_more_races_den,
attendance_Two or More Races_denominator,sqss_attendance_two_or_more_races_den,
dual_credit_White_denominator,sqss_dual_credit_white_den,
ninth_grade_on_track_White_denominator,sqss_ninth_grade_on_track_white_den,
attendance_White_denominator,sqss_attendance_white_den,
dual_credit_Non-Foster Care_denominator,sqss_dual_credit_non_foster_care_den,
ninth_grade_on_track_Non-Foster Care_denominator,sqss_ninth_grade_on_track_non_foster_care_den,
attendance_Non-Foster Care_denominator,sqss_attendance_non_foster_care_den,
dual_credit_Homeless_denominator,sqss_dual_credit_homeless_den,
dual_credit_Non-Homeless_denominator,sqss_dual_credit_non_homeless_den,
dual_credit_Female_denominator,sqss_dual_credit_female_den,
ninth_grade_on_track_Female_denominator,sqss_ninth_grade_on_track_female_den,
attendance_Female_denominator,sqss_attendance_female_den,
ninth_grade_on_track_Male_denominator,sqss_ninth_grade_on_track_male_den,
attendance_Male_denominator,sqss_attendance_male_den,
dual_credit_Highly Capable_denominator,sqss_dual_credit_highly_capable_den,
ninth_grade_on_track_Highly Capable_denominator,sqss_ninth_grade_on_track_highly_capable_den,
attendance_Highly Capable_denominator,sqss_attendance_highly_capable_den,
ninth_grade_on_track_Non-Highly Capable_denominator,sqss_ninth_grade_on_track_non_highly_capable_den,
attendance_Non-Highly Capable_denominator,sqss_attendance_non_highly_capable_den,
ninth_grade_on_track_Homeless_denominator,sqss_ninth_grade_on_track_homeless_den,
attendance_Homeless_denominator,sqss_attendance_homeless_den,
dual_credit_Low-Income_denominator,sqss_dual_credit_low_income_den,merged spelling variants
dual_credit_Non-Low Income_denominator,sqss_dual_credit_non_low_income_den,
dual_credit_Non Migrant_denominator,sqss_dual_credit_non_migrant_den,merged spelling variants
ninth_grade_on_track_Non-Homeless_denominator,sqss_ninth_grade_on_track_non_homeless_den,
attendance_Non-Homeless_denominator,sqss_attendance_non_homeless_den,
ninth_grade_on_track_Low-Income_denominator,sqss_ninth_grade_on_track_low_income_den,merged spelling variants
attendance_Low-Income_denominator,sqss_attendance_low_income_den,merged spelling variants
ninth_grade_on_track_Non-Low Income_denominator,sqss_ninth_grade_on_track_non_low_income_den,
attendance_Non-Low Income_denominator,sqss_attendance_non_low_income_den,
dual_credit_Migrant_denominator,sqss_dual_credit_migrant_den,
attendance_Migrant_denominator,sqss_attendance_migrant_den,
ninth_grade_on_track_Non Migrant_denominator,sqss_ninth_grade_on_track_non_migrant_den,merged spelling variants
attendance_Non Migrant_denominator,sqss_attendance_non_migrant_den,merged spelling variants
dual_credit_Non Military Parent_denominator,sqss_dual_credit_non_military_parent_den,merged spelling variants
ninth_grade_on_track_Non Military Parent_denominator,sqss_ninth_grade_on_track_non_military_parent_den,merged spelling variants
attendance_Non Military Parent_denominator,sqss_attendance_non_military_parent_den,merged spelling variants
dual_credit_Section 504_denominator,sqss_dual_credit_section_504_den,
dual_credit_Students without Disabilities_denominator,sqss_dual_credit_students_without_disabilities_den,
dual_credit_Non Section 504_denominator,sqss_dual_credit_non_section_504_den,merged spelling variants
ninth_grade_on_track_Non Section 504_denominator,sqss_ninth_grade_on_track_non_section_504_den,merged spelling variants
attendance_Non Section 504_denominator,sqss_attendance_non_section_504_den,merged spelling variants
ninth_grade_on_track_Section 504_denominator,sqss_ninth_grade_on_track_section_504_den,
attendance_Section 504_denominator,sqss_attendance_section_504_den,
dual_credit_Students with Disabilities_denominator,sqss_dual_credit_students_with_disabilities_den,
ninth_grade_on_track_Students with Disabilities_denominator,sqss_ninth_grade_on_track_students_with_disabilities_den,
attendance_Students with Disabilities_denominator,sqss_attendance_students_with_disabilities_den,
ninth_grade_on_track_Students without Disabilities_denominator,sqss_ninth_grade_on_track_students_without_disabilities_den,
attendance_Students without Disabilities_denominator,sqss_attendance_students_without_disabilities_den,
dual_credit_Gender X_denominator,sqss_dual_credit_gender_x_den,
attendance_Gender X_denominator,sqss_attendance_gender_x_den,
dual_credit_Military Parent_denominator,sqss_dual_credit_military_parent_den,
ninth_grade_on_track_Migrant_denominator,sqss_ninth_grade_on_track_migrant_den,
attendance_Military Parent_denominator,sqss_attendance_military_parent_den,
attendance_Foster Care_denominator,sqss_attendance_foster_care_den,
attendance_Non-Migrant_denominator,sqss_attendance_non_migrant_den,merged spelling variants
attendance_Hispanic/Latino of any race(s)_denominator,sqss_attendance_hispanic_latino_of_any_race_den,merged spelling variants
attendance_Non-Section 504_denominator,sqss_attendance_non_section_504_den,merged spelling variants
attendance_Non-Military Parent_denominator,sqss_attendance_non_military_parent_den,merged spelling variants
attendance_Low Income_denominator,sqss_attendance_low_income_den,merged spelling variants
dual_credit_Non-Mobile_denominator,sqss_dual_credit_non_mobile_den,
attendance_Black/African American_denominator,sqss_attendance_black_african_american_den,merged spelling variants
attendance_Mobile_denominator,sqss_attendance_mobile_den,
attendance_Non-Mobile_denominator,sqss_attendance_non_mobile_den,
dual_credit_Low Income_denominator,sqss_dual_credit_low_income_den,merged spelling variants
dual_credit_Non-Migrant_denominator,sqss_dual_credit_non_migrant_den,merged spelling variants
dual_credit_Black/African American_denominator,sqss_dual_credit_black_african_american_den,merged spelling variants
dual_credit_Hispanic/Latino of any race(s)_denominator,sqss_dual_credit_hispanic_latino_of_any_race_den,merged spelling variants
dual_credit_Non-Section 504_denominator,sqss_dual_credit_non_section_504_den,merged spelling variants
dual_credit_Mobile_denominator,sqss_dual_credit_mobile_den,
ninth_grade_on_track_Non-Migrant_denominator,sqss_ninth_grade_on_track_non_migrant_den,merged spelling variants
ninth_grade_on_track_Low Income_denominator,sqss_ninth_grade_on_track_low_income_den,merged spelling variants
ninth_grade_on_track_Non-Section 504_denominator,sqss_ninth_grade_on_track_non_section_504_den,merged spelling variants
ninth_grade_on_track_Black/African American_denominator,sqss_ninth_grade_on_track_black_african_american_den,merged spelling variants
ninth_grade_on_track_Mobile_denominator,sqss_ninth_grade_on_track_mobile_den,
ninth_grade_on_track_Non-Mobile_denominator,sqss_ninth_grade_on_track_non_mobile_den,
dual_credit_American Indian/Alaskan Native_denominator,sqss_dual_credit_american_indian_alaskan_native_den,merged spelling variants
dual_credit_Native Hawaiian/Other Pacific Islander_denominator,sqss_dual_credit_native_hawaiian_other_pacific_den,merged spelling variants
ninth_grade_on_track_Hispanic/Latino of any race(s)_denominator,sqss_ninth_grade_on_track_hispanic_latino_of_any_race_den,merged spelling variants
attendance_American Indian/Alaskan Native_denominator,sqss_attendance_american_indian_alaskan_native_den,merged spelling variants
attendance_Native Hawaiian/Other Pacific Islander_denominator,sqss_attendance_native_hawaiian_other_pacific_den,merged spelling variants
ninth_grade_on_track_Non-Military Parent_denominator,sqss_ninth_grade_on_track_non_military_parent_den,merged spelling variants
ninth_grade_on_track_Gender X_denominator,sqss_ninth_grade_on_track_gender_x_den,
dual_credit_Non-Military Parent_denominator,sqss_dual_credit_non_military_parent_den,merged spelling variants
